Player,Season,Pos,Age,Tm,G,GS,MP,FG,FGA,FG%,3P,3PA,3P%,2P,2PA,2P%,eFG%,FT,FTA,FT%,ORB,DRB,TRB,AST,STL,BLK,TOV,PF,PTS
Alaa Abdelnaby,1993,PF,24,TOT,75,52,17.5,3.3,6.3,0.518,0,0,0,3.3,6.3,0.519,0.518,1.2,1.5,0.759,1.7,2.8,4.5,0.4,0.3,0.3,1.3,2.5,7.7
Alaa Abdelnaby,1993,PF,24,MIL,12,0,13.3,2.2,4.7,0.464,0,0.1,0,2.2,4.6,0.473,0.464,1,1.3,0.75,1,2.1,3.1,0.8,0.5,0.3,1.1,2,5.3
Alaa Abdelnaby,1993,PF,24,BOS,63,52,18.3,3.5,6.6,0.525,0,0,,3.5,6.6,0.525,0.525,1.2,1.6,0.76,1.8,3,4.8,0.3,0.3,0.3,1.3,2.6,8.2
Mahmoud Abdul-Rauf,1993,PG,23,DEN,81,81,33.5,7.8,17.4,0.45,0.9,2.4,0.355,7,14.9,0.465,0.475,2.7,2.9,0.935,0.6,2.1,2.8,4.2,1,0.1,2.3,2.2,19.2
Mark Acres,1993,C,30,TOT,18,7,14.9,1.4,2.7,0.531,0.1,0.1,0.5,1.4,2.6,0.532,0.541,0.6,0.9,0.688,1.4,2.3,3.7,0.3,0.2,0.3,0.7,1.9,3.6
Mark Acres,1993,C,30,HOU,6,0,3.8,0.3,1.5,0.222,0.2,0.3,0.5,0.2,1.2,0.143,0.278,0.2,0.3,0.5,0.3,0.7,1,0,0,0,0.3,0.3,1
Mark Acres,1993,C,30,WSB,12,7,20.5,2,3.3,0.6,0,0,,2,3.3,0.6,0.6,0.8,1.2,0.714,2,3.1,5.1,0.4,0.3,0.5,0.9,2.7,4.8
Michael Adams,1993,PG,30,WSB,70,70,35.7,5.2,11.9,0.439,1,3,0.321,4.2,8.8,0.48,0.48,3.4,4,0.856,0.7,2.7,3.4,7.5,1.4,0.1,2.5,2.1,14.8
Rafael Addison,1993,SF,28,NJN,68,15,17.1,2.7,6,0.443,0.1,0.5,0.206,2.6,5.5,0.464,0.451,0.8,1,0.814,0.7,1.3,1.9,0.8,0.3,0.2,0.9,1.8,6.3
Mark Aguirre,1993,SF,33,DET,51,15,20.7,3.7,8.3,0.443,0.6,1.6,0.361,3.1,6.6,0.463,0.479,1.9,2.5,0.767,0.8,2.1,3,2.1,0.3,0.1,1.3,2,9.9
Danny Ainge,1993,SG,33,PHO,80,0,27,4.2,9.1,0.462,1.9,4.7,0.403,2.3,4.5,0.522,0.564,1.5,1.8,0.848,0.6,2.1,2.7,3.3,0.9,0.1,1.4,2.2,11.8
Victor Alexander,1993,C,23,GSW,72,59,24.3,4.8,9.3,0.516,0.1,0.3,0.455,4.6,9,0.518,0.523,1.5,2.3,0.685,1.8,4,5.8,1.3,0.5,0.7,1.7,3,11.2
Eric Anderson,1993,PF,22,NYK,16,0,2.8,0.3,1.1,0.278,0,0,,0.3,1.1,0.278,0.278,0.7,0.8,0.846,0.4,0.5,0.9,0.2,0.2,0.1,0.3,0.9,1.3
Kenny Anderson,1993,PG,22,NJN,55,55,36.5,6.7,15.5,0.435,0.1,0.5,0.28,6.6,15,0.44,0.439,3.3,4.2,0.776,0.9,3.2,4.1,8.2,1.7,0.2,2.8,2.5,16.9
Nick Anderson,1993,SG,25,ORL,79,76,37,7.5,16.8,0.449,1.1,3.2,0.353,6.4,13.6,0.471,0.482,3.8,5.1,0.741,1.5,4.5,6,3.4,1.6,0.7,2.1,2.5,19.9
Ron Anderson,1993,SF,34,PHI,69,0,18.3,3.3,7.9,0.414,0.6,1.7,0.325,2.7,6.1,0.439,0.449,1,1.3,0.809,0.9,1.8,2.7,1.3,0.4,0.1,0.9,1.1,8.1
Willie Anderson,1993,SG,26,SAS,38,7,14.7,2.1,4.9,0.43,0,0.2,0.125,2.1,4.7,0.444,0.433,0.6,0.7,0.786,0.2,1.3,1.5,2.1,0.4,0.2,1.2,1.4,4.8
Greg Anthony,1993,PG,25,NYK,70,35,24.3,2.5,6,0.415,0.1,0.4,0.133,2.4,5.6,0.437,0.42,1.5,2.3,0.673,0.6,1.8,2.4,5.7,1.6,0.2,1.5,2,6.6
B.J. Armstrong,1993,PG,25,CHI,82,74,30.4,5,10,0.499,0.8,1.7,0.453,4.2,8.3,0.508,0.537,1.6,1.8,0.861,0.3,1.5,1.8,4,0.8,0.1,1,2.1,12.3
Vincent Askew,1993,SG,26,TOT,73,4,15.5,2.1,4.2,0.492,0,0.1,0.333,2.1,4.2,0.495,0.495,1.4,2,0.705,0.8,1.4,2.2,1.7,0.5,0.3,0.9,1.8,5.6
Vincent Askew,1993,SG,26,SAC,9,0,8.4,0.9,1.9,0.471,0,0,,0.9,1.9,0.471,0.471,1.2,1.7,0.733,0.8,0.4,1.2,0.6,0.2,0.1,0.9,1.2,3
Vincent Askew,1993,SG,26,SEA,64,4,16.5,2.3,4.6,0.493,0,0.1,0.333,2.2,4.5,0.497,0.497,1.5,2.1,0.701,0.9,1.5,2.3,1.8,0.6,0.3,1,1.9,6
Keith Askins,1993,SF,25,MIA,69,1,13.6,1.3,3.1,0.413,0.3,0.9,0.338,1,2.1,0.446,0.465,0.4,0.6,0.725,1.1,1.8,2.9,0.4,0.4,0.4,0.5,2,3.3
Stacey Augmon,1993,SG,24,ATL,73,66,28.9,5.4,10.8,0.501,0,0.1,0,5.4,10.8,0.504,0.501,3.1,4.2,0.739,1.9,2,3.9,2.3,1.2,0.2,2.2,1.9,14
Isaac Austin,1993,C,23,UTA,46,3,6.7,1.1,2.4,0.446,0,0,0,1.1,2.4,0.45,0.446,0.6,1,0.659,0.8,0.9,1.7,0.1,0.2,0.3,0.5,1.3,2.8
Anthony Avent,1993,PF,23,MIL,82,78,27.9,4.2,9.8,0.433,0,0,0,4.2,9.8,0.434,0.433,1.4,2.1,0.651,2.2,4,6.2,1.1,0.7,0.9,1.7,2.9,9.8
John Bagley,1993,PG,32,BOS,10,0,9.7,0.9,2.5,0.36,0,0.1,0,0.9,2.4,0.375,0.36,0.5,0.6,0.833,0.1,0.6,0.7,2,0.2,0,1.7,1.1,2.3
Thurl Bailey,1993,PF,31,MIN,70,3,18.2,2.9,6.4,0.455,0,0,,2.9,6.4,0.455,0.455,1.7,2,0.838,0.8,2.3,3.1,0.9,0.3,0.7,0.9,1.3,7.5
Steve Bardo,1993,SG,24,DAL,23,0,7.6,0.8,2.7,0.306,0,0.3,0.167,0.8,2.4,0.321,0.315,0.5,0.7,0.706,0.4,1.2,1.6,1.3,0.3,0.1,0.7,1.2,2.2
Charles Barkley*,1993,PF,29,PHO,76,76,37.6,9.4,18.1,0.52,0.9,2.9,0.305,8.5,15.2,0.561,0.545,5.9,7.7,0.765,3.1,9.1,12.2,5.1,1.6,1,3.1,2.6,25.6
Dana Barros,1993,PG,25,SEA,69,2,18,3.1,6.9,0.451,0.9,2.4,0.379,2.2,4.4,0.492,0.519,0.7,0.9,0.831,0.3,1.3,1.6,2.2,0.9,0,0.8,1.1,7.8
Jon Barry,1993,SG,23,MIL,47,0,11.7,1.6,4.4,0.369,0.4,1.3,0.333,1.2,3,0.385,0.42,0.7,1,0.673,0.2,0.7,0.9,1.4,0.7,0.1,0.9,1.2,4.4
John Battle,1993,SG,30,CLE,41,0,12.1,2,4.9,0.415,0,0.1,0.167,2,4.7,0.423,0.418,1.4,1.8,0.778,0.1,0.6,0.7,1.3,0.2,0.1,0.5,1,5.4
Kenny Battle,1993,SG,28,BOS,3,1,9.7,2,4.3,0.462,0,0.3,0,2,4,0.5,0.462,0.7,0.7,1,2.3,1.3,3.7,0.7,0.3,0,0.7,0.7,4.7
William Bedford,1993,C,29,SAS,16,0,4.1,0.6,1.7,0.333,0.1,0.1,1,0.5,1.6,0.308,0.352,0.4,0.8,0.5,0.1,0.6,0.6,0,0,0.1,0.1,0.9,1.6
Benoit Benjamin,1993,C,28,TOT,59,6,12.8,2.3,4.6,0.491,0,0,,2.3,4.6,0.491,0.491,1.2,1.8,0.663,0.9,2.7,3.5,0.4,0.5,0.8,1.3,2.3,5.7
Benoit Benjamin,1993,C,28,SEA,31,6,14.5,2.6,5.3,0.497,0,0,,2.6,5.3,0.497,0.497,1.5,2.2,0.701,0.9,2.8,3.6,0.4,0.5,1.1,1.4,2.4,6.7
Benoit Benjamin,1993,C,28,LAL,28,0,10.9,1.9,3.9,0.481,0,0,,1.9,3.9,0.481,0.481,0.8,1.3,0.595,0.9,2.6,3.4,0.4,0.5,0.5,1.3,2.2,4.5
Tony Bennett,1993,PG,23,CHH,75,2,11.4,1.5,3.5,0.423,0.3,1.1,0.325,1.1,2.4,0.467,0.473,0.4,0.5,0.732,0.2,0.7,0.8,1.8,0.4,0,0.7,1.5,3.7
David Benoit,1993,SF,24,UTA,82,27,20.9,3.1,7.2,0.436,0.4,1.2,0.347,2.7,6,0.453,0.465,1.4,1.9,0.75,1.4,3.4,4.8,0.5,0.5,0.5,1.1,2.5,8.1
Rolando Blackman,1993,SG,33,NYK,60,33,23.9,4,9,0.443,0.5,1.2,0.425,3.5,7.8,0.446,0.472,1.2,1.5,0.789,0.4,1.3,1.7,2.6,0.4,0.2,1.1,2.2,9.7
Alex Blackwell,1993,SF,22,LAL,27,0,4,0.5,1.6,0.333,0,0.1,0,0.5,1.4,0.359,0.333,0.2,0.3,0.75,0.4,0.5,0.9,0.3,0.1,0.1,0.2,0.5,1.3
Lance Blanks,1993,SG,26,MIN,61,2,10.5,1.1,2.5,0.433,0.2,0.7,0.256,0.9,1.8,0.505,0.47,0.3,0.5,0.625,0.3,0.8,1.1,1.2,0.3,0.1,0.5,1,2.6
Ricky Blanton,1993,SF,26,CHI,2,0,6.5,1.5,3.5,0.429,0,0,,1.5,3.5,0.429,0.429,0,0,,1,0.5,1.5,0.5,1,0,0.5,0.5,3
Mookie Blaylock,1993,PG,25,ATL,80,78,35.3,5.2,12.1,0.429,1.5,3.9,0.375,3.7,8.1,0.456,0.491,1.5,2.1,0.728,1.1,2.4,3.5,8.4,2.5,0.3,2.3,2,13.4
Muggsy Bogues,1993,PG,28,CHH,81,80,35,4.1,9,0.453,0.1,0.3,0.231,4,8.7,0.462,0.458,1.7,2.1,0.833,0.6,3,3.7,8.8,2,0.1,1.9,2.2,10
Manute Bol,1993,C,30,PHI,58,23,14.7,0.9,2.2,0.409,0.2,0.6,0.313,0.7,1.6,0.442,0.449,0.2,0.3,0.632,0.8,2.6,3.3,0.3,0.2,2.1,0.9,1.5,2.2
Walter Bond,1993,SG,23,DAL,74,38,21.3,3.1,7.6,0.402,0.1,0.6,0.167,3,7.1,0.421,0.408,1.7,2.3,0.772,0.7,1.9,2.6,1.6,1,0.2,1.5,3,8
Anthony Bonner,1993,PF,24,SAC,70,35,25.2,3.3,7.1,0.461,0,0.1,0,3.3,7,0.467,0.461,2,3.4,0.593,2.7,3.8,6.5,1.4,1.2,0.2,1.5,2.6,8.6
Anthony Bowie,1993,SG,29,ORL,77,45,22.9,3.5,7.4,0.471,0.2,0.6,0.313,3.3,6.8,0.486,0.484,0.9,1.1,0.798,0.5,2.1,2.5,2.3,0.7,0.2,1.1,1.7,8
Sam Bowie,1993,C,31,NJN,79,65,26.5,3.6,8.1,0.45,0,0.1,0.333,3.6,8,0.451,0.451,1.8,2.3,0.779,2,5,7,1.6,0.4,1.6,1.5,2.9,9.1
Terrell Brandon,1993,PG,22,CLE,82,8,19.8,3.6,7.6,0.478,0.2,0.5,0.31,3.5,7.1,0.491,0.489,1.4,1.7,0.825,0.5,1.7,2.2,3.7,1,0.3,1.3,1.5,8.8
Randy Breuer,1993,C,32,ATL,12,0,8.9,1.3,2.6,0.484,0,0,,1.3,2.6,0.484,0.484,0.2,0.4,0.4,0.8,1.5,2.3,0.5,0.2,0.3,0.4,1,2.7
Frank Brickowski,1993,C,33,MIL,66,64,31.4,6.9,12.7,0.545,0.1,0.4,0.308,6.8,12.3,0.553,0.55,3,4.1,0.728,1.8,4.3,6.1,3,1.2,0.7,3.1,3.6,16.9
Kevin Brooks,1993,SF,23,DEN,55,2,10.4,1.7,4.2,0.399,0.1,0.5,0.231,1.6,3.8,0.42,0.412,0.6,0.7,0.875,0.4,1.1,1.5,0.6,0.2,0,0.7,0.8,4.1
Scott Brooks,1993,PG,27,HOU,82,0,18.5,2.2,4.7,0.475,0.5,1.2,0.414,1.7,3.5,0.497,0.529,1.4,1.6,0.83,0.3,0.9,1.2,3,1,0,0.9,1.7,6.3
Chucky Brown,1993,SF,24,NJN,77,20,15.4,2.1,4.3,0.483,0,0.1,0,2.1,4.2,0.491,0.483,0.9,1.3,0.724,1.1,1.9,3,0.7,0.3,0.3,0.7,1.5,5.1
Dee Brown,1993,PG,24,BOS,80,48,28.2,4.1,8.8,0.468,0.3,1,0.317,3.8,7.7,0.488,0.486,2.4,3,0.793,0.6,2.5,3.1,5.8,1.7,0.4,1.7,2.5,10.9
Mike Brown,1993,C,29,UTA,82,21,18.9,2.1,5,0.43,0,0,0,2.1,5,0.431,0.43,1.4,2,0.689,1.8,3,4.8,0.8,0.4,0.3,1.2,2.3,5.7
Randy Brown,1993,PG,24,SAC,75,34,23,3,6.5,0.463,0,0.1,0.333,3,6.4,0.465,0.465,1.5,2.1,0.732,1,1.8,2.8,2.6,1.4,0.5,1.6,2.7,7.6
Mark Bryant,1993,C,27,POR,80,24,17.5,2.3,4.6,0.503,0,0,0,2.3,4.6,0.504,0.503,1.3,1.9,0.703,1.7,2.4,4.1,0.5,0.5,0.3,0.8,2.8,6
Jud Buechler,1993,SF,24,GSW,70,9,18.4,2.5,5.8,0.437,0.3,0.8,0.339,2.2,4.9,0.453,0.462,0.9,1.2,0.747,1.2,1.6,2.8,1.3,0.7,0.3,0.8,1.4,6.2
Matt Bullard,1993,PF,25,HOU,79,4,17.2,2.7,6.3,0.431,1.2,3.1,0.374,1.5,3.2,0.486,0.523,0.7,0.9,0.784,0.8,2,2.8,1.4,0.4,0.1,0.7,1.6,7.3
Willie Burton,1993,SF,24,MIA,26,8,17.3,2.1,5.4,0.383,0.2,0.6,0.333,1.9,4.8,0.389,0.401,3.5,4.9,0.717,0.8,1.8,2.7,0.6,0.5,0.6,1.9,2.2,7.8
Steve Burtt,1993,SG,30,WSB,4,0,8.8,2.5,6.5,0.385,0.3,0.8,0.333,2.3,5.8,0.391,0.404,2,2.5,0.8,0.5,0.3,0.8,1.5,0.5,0,1,1.3,7.3
Michael Cage,1993,C,31,SEA,82,66,26.3,2.7,5.1,0.526,0,0,0,2.7,5.1,0.528,0.526,0.7,1.6,0.469,3.3,4.8,8,0.8,0.9,0.6,0.7,2.2,6.1
Dexter Cambridge,1993,SF,23,DAL,53,13,16.7,2.8,5.9,0.484,0,0.1,0,2.8,5.8,0.49,0.484,1.3,1.9,0.687,1.7,1.5,3.2,1.1,0.5,0.1,1.2,2.4,7
Elden Campbell,1993,PF,24,LAL,79,13,19.6,3,6.6,0.458,0,0,0,3,6.5,0.46,0.458,1.6,2.6,0.637,1.6,2.6,4.2,0.6,0.7,1.3,0.9,2.1,7.7
Tony Campbell,1993,SF,30,NYK,58,13,18.3,3.3,6.8,0.49,0,0.1,0.4,3.3,6.7,0.491,0.492,1,1.5,0.678,1,1.7,2.7,1.1,0.6,0.1,0.9,2.6,7.7
Antoine Carr,1993,PF,31,SAS,71,46,27.4,5.3,9.9,0.538,0,0.1,0,5.3,9.9,0.541,0.538,2.5,3.2,0.777,1.5,4,5.5,1.4,0.5,1.2,1.4,3.7,13.1
Bill Cartwright,1993,C,35,CHI,63,63,19.9,2.2,5.4,0.411,0,0,,2.2,5.4,0.411,0.411,1.1,1.6,0.735,1.3,2.4,3.7,1.3,0.3,0.2,1,2.4,5.6
Terry Catledge,1993,PF,29,ORL,21,1,12.5,1.7,3.5,0.493,0,0,,1.7,3.5,0.493,0.493,1.3,1.6,0.794,0.9,1.3,2.2,0.2,0.2,0,1.2,1.5,4.7
Duane Causwell,1993,C,24,SAC,55,45,22,3.2,5.8,0.545,0,0,0,3.2,5.8,0.547,0.545,1.9,3,0.624,2,3.5,5.5,0.6,0.6,1.6,1.1,3.5,8.2
Cedric Ceballos,1993,SF,23,PHO,74,46,21.7,5.1,8.9,0.576,0,0,0,5.1,8.9,0.577,0.576,2.5,3.5,0.725,2.3,3.2,5.5,1,0.7,0.4,1.4,1.4,12.8
Tom Chambers,1993,PF,33,PHO,73,0,23.6,4.4,9.8,0.447,0.2,0.4,0.393,4.2,9.4,0.449,0.455,3.3,3.9,0.837,1.3,3.4,4.7,1.4,0.6,0.3,1.3,2.9,12.2
Rex Chapman,1993,SG,25,WSB,60,23,21.7,4.8,10,0.477,0.7,1.9,0.371,4.1,8.1,0.502,0.512,2.2,2.7,0.81,0.3,1.2,1.5,1.9,0.6,0.2,1.3,2,12.5
Maurice Cheeks*,1993,PG,36,NJN,35,0,14.6,1.5,2.7,0.548,0,0.1,0,1.5,2.6,0.56,0.548,0.7,0.8,0.889,0.1,1.1,1.2,3.1,0.9,0.1,0.9,1,3.6
Pete Chilcutt,1993,PF,24,SAC,59,9,14.1,2.8,5.8,0.485,0,0,,2.8,5.8,0.485,0.485,0.5,0.8,0.696,1.4,1.9,3.3,1.1,0.4,0.4,0.9,1.7,6.1
Doug Christie,1993,SG,22,LAL,23,0,14.4,2,4.6,0.425,0.1,0.5,0.167,1.9,4.1,0.457,0.434,2.2,2.9,0.758,1,1.2,2.2,2.3,1,0.2,2.2,2.3,6.2
Derrick Coleman,1993,PF,25,NJN,76,73,36.3,7.4,16.1,0.46,0.3,1.3,0.232,7.1,14.8,0.48,0.469,5.5,6.9,0.808,3.3,8,11.2,3.6,1.2,1.7,3.2,2.8,20.7
Bimbo Coles,1993,PG,24,MIA,81,37,27.6,3.9,8.5,0.464,0.5,1.7,0.307,3.4,6.8,0.503,0.494,2.2,2.7,0.805,0.7,1.3,2,4.6,1,0.1,1.3,2.5,10.6
Marty Conlon,1993,C,25,SAC,46,0,10.2,1.8,3.7,0.474,0,0.1,0,1.8,3.6,0.485,0.474,1.2,1.8,0.704,1,1.6,2.7,0.8,0.3,0.1,0.6,0.9,4.8
Lester Conner,1993,PG,33,LAC,31,0,13.6,0.9,2,0.452,0,0,,0.9,2,0.452,0.452,0.6,0.6,0.947,0.5,1.1,1.6,2.1,1.1,0.1,0.7,1.3,2.4
Duane Cooper,1993,PG,23,LAL,65,0,9.9,1,2.4,0.392,0.1,0.5,0.233,0.8,2,0.43,0.415,0.4,0.5,0.714,0.2,0.6,0.8,2.3,0.3,0,1.1,1,2.4
Tyrone Corbin,1993,SF,30,UTA,82,58,31.2,4.7,9.3,0.503,0,0.1,0,4.7,9.3,0.506,0.503,2.2,2.7,0.826,2.4,4,6.3,2.1,1.3,0.4,1.3,3.1,11.6
Chris Corchiani,1993,PG,24,TOT,10,0,10.5,1.4,2.4,0.583,0,0.3,0,1.4,2.1,0.667,0.583,1.6,2.1,0.762,0.1,0.6,0.7,1.6,0.6,0,0.8,1.8,4.4
Chris Corchiani,1993,PG,24,ORL,9,0,11.3,1.4,2.6,0.565,0,0.3,0,1.4,2.2,0.65,0.565,1.8,2.3,0.762,0.1,0.7,0.8,1.8,0.7,0,0.9,1.9,4.7
Chris Corchiani,1993,PG,24,WSB,1,0,3,1,1,1,0,0,,1,1,1,1,0,0,,0,0,0,0,0,0,0,1,2
Joe Courtney,1993,PF,23,TOT,12,0,8.7,1.1,2.7,0.406,0,0,,1.1,2.7,0.406,0.406,0.6,0.8,0.778,0.3,1.3,1.6,0.3,0.4,0.4,0.5,1.4,2.8
Joe Courtney,1993,PF,23,CHI,5,0,6.8,0.8,1.8,0.444,0,0,,0.8,1.8,0.444,0.444,0.6,0.8,0.75,0.4,0,0.4,0.2,0.4,0.2,0.6,1.8,2.2
Joe Courtney,1993,PF,23,GSW,7,0,10,1.3,3.3,0.391,0,0,,1.3,3.3,0.391,0.391,0.6,0.7,0.8,0.3,2.1,2.4,0.3,0.4,0.6,0.4,1.1,3.1
John Crotty,1993,PG,23,UTA,40,0,6.1,0.9,1.8,0.514,0.1,0.4,0.143,0.9,1.5,0.603,0.528,0.7,1,0.684,0.1,0.3,0.4,1.4,0.3,0,0.8,0.7,2.6
Terry Cummings,1993,PF,31,SAS,8,0,9.5,1.4,3.6,0.379,0,0,,1.4,3.6,0.379,0.379,0.6,1.3,0.5,0.8,1.6,2.4,0.5,0.1,0.1,0.3,2.1,3.4
Radisav Ćurčić,1993,C,27,DAL,20,0,8.3,0.8,2.1,0.39,0,0,,0.8,2.1,0.39,0.39,1.3,1.8,0.722,0.9,1.6,2.5,0.6,0.4,0.1,0.4,1.5,2.9
Dell Curry,1993,SG,28,CHH,80,0,26.2,6.2,13.8,0.452,1.2,3,0.401,5,10.8,0.466,0.495,1.7,2,0.866,0.6,2.9,3.6,2.3,1.1,0.3,1.6,1.9,15.3
Lloyd Daniels,1993,SG,25,SAS,77,10,20.4,3.7,8.4,0.443,0.8,2.3,0.333,2.9,6.1,0.484,0.488,0.9,1.3,0.727,1.1,1.7,2.8,1.9,0.5,0.4,1.3,1.9,9.1
Brad Daugherty,1993,C,27,CLE,71,71,37.9,7.3,12.8,0.571,0,0,0.5,7.3,12.8,0.571,0.571,5.5,6.9,0.795,2.3,7.9,10.2,4.4,0.7,0.8,2.1,2.5,20.2
Dale Davis,1993,PF,23,IND,82,82,27.6,3.7,6.5,0.568,0,0,,3.7,6.5,0.568,0.568,1.5,2.7,0.529,3.5,5.3,8.8,0.8,0.8,1.8,1,3.3,8.9
Hubert Davis,1993,SG,22,NYK,50,2,16.3,2.2,5,0.438,0.1,0.4,0.316,2.1,4.6,0.448,0.45,0.9,1.1,0.796,0.3,0.9,1.1,1.7,0.4,0.1,0.9,1.4,5.4
Terry Davis,1993,PF,25,DAL,75,74,32.8,5.2,11.5,0.455,0,0.1,0.25,5.2,11.4,0.457,0.457,2.2,3.7,0.594,3.5,5.9,9.3,0.9,0.5,0.4,2.1,2.7,12.7
Johnny Dawkins,1993,PG,29,PHI,74,10,21.6,3.5,8,0.437,0.4,1.1,0.31,3.1,6.8,0.458,0.459,1.5,1.9,0.796,0.4,1.4,1.8,4.6,1.1,0.1,1.6,1.2,8.9
Todd Day,1993,SG,23,MIL,71,37,27.2,5,11.7,0.432,0.8,2.6,0.293,4.3,9.1,0.472,0.465,3,4.2,0.717,2,2.1,4.1,1.6,1.1,0.7,1.7,3.1,13.8
Vinny Del Negro,1993,PG,26,SAS,73,31,20.9,3,5.9,0.507,0.1,0.3,0.25,2.9,5.6,0.522,0.514,1.4,1.6,0.863,0.3,2,2.2,4,0.6,0,1.3,2,7.4
Bison Dele,1993,PF,23,ORL,21,0,11.4,1.9,3.7,0.513,0,0,0,1.9,3.7,0.519,0.513,0.8,1,0.8,1.1,1.5,2.7,0.2,0.7,0.8,1.2,2.3,4.6
Vlade Divac*,1993,C,24,LAL,82,69,30.8,4.8,10,0.485,0.3,0.9,0.28,4.6,9.1,0.505,0.498,2.9,4.2,0.689,2.7,6.2,8.9,2.8,1.6,1.7,2.6,3.8,12.8
James Donaldson,1993,C,35,UTA,6,1,15.7,1.3,2.3,0.571,0,0,,1.3,2.3,0.571,0.571,0.8,1.5,0.556,1,3.8,4.8,0.2,0.2,1.2,0.7,2.2,3.5
Sherman Douglas,1993,PG,26,BOS,79,36,24.5,3.3,6.7,0.498,0.1,0.4,0.207,3.3,6.3,0.515,0.504,1.1,1.9,0.56,0.8,1.2,2.1,6.4,0.6,0.1,2,2.1,7.8
Greg Dreiling,1993,C,30,IND,43,0,5.6,0.4,1.3,0.328,0,0.1,0,0.4,1.3,0.352,0.328,0.2,0.3,0.533,0.6,0.9,1.5,0.2,0.1,0.2,0.2,1.4,1.1
Clyde Drexler*,1993,SG,30,POR,49,49,34.1,7.1,16.7,0.429,0.6,2.7,0.233,6.5,13.9,0.467,0.448,5,6,0.839,2.6,3.7,6.3,5.7,1.9,0.8,2.3,3.2,19.9
Kevin Duckworth,1993,C,28,POR,74,55,23.8,4.1,9.3,0.438,0,0,0,4.1,9.3,0.439,0.438,1.7,2.4,0.73,1.6,3.6,5.2,0.9,0.6,0.5,1.2,3,9.9
Chris Dudley,1993,C,27,NJN,71,16,19.7,1.3,3.7,0.353,0,0,,1.3,3.7,0.353,0.353,0.8,1.5,0.518,3,4.2,7.2,0.2,0.2,1.5,0.8,2.7,3.5
Joe Dumars*,1993,SG,29,DET,77,77,40.2,8.8,18.9,0.466,1.5,3.9,0.375,7.3,15,0.489,0.504,4.5,5.2,0.864,0.8,1.1,1.9,4,1,0.1,1.8,1.8,23.5
Richard Dumas,1993,SF,23,PHO,48,32,27.5,6.3,12,0.524,0,0.1,0.333,6.3,11.9,0.525,0.525,3.2,4.5,0.707,2.1,2.6,4.6,1.3,1.8,0.8,1.9,2.6,15.8
Pat Durham,1993,SF,25,GSW,5,1,15.6,1.2,5,0.24,0,0,,1.2,5,0.24,0.24,1.8,2.4,0.75,1,1.8,2.8,0.8,0.2,0.2,1.4,1.2,4.2
Mark Eaton,1993,C,36,UTA,64,57,17.3,1.1,2,0.546,0,0,,1.1,2,0.546,0.546,0.5,0.8,0.7,1.1,3,4.1,0.3,0.3,1.2,0.7,2.2,2.8
Blue Edwards,1993,SF,27,MIL,82,81,33.3,6.8,13.2,0.512,0.5,1.3,0.349,6.3,11.9,0.529,0.529,2.9,3.7,0.79,1.5,3.2,4.7,2.6,1.6,0.5,2.1,3,16.9
James Edwards,1993,C,37,LAL,52,0,11.9,2.3,5.2,0.452,0,0,,2.3,5.2,0.452,0.452,1.6,2.3,0.712,0.6,1.3,1.9,0.8,0.2,0.1,1,2.3,6.3
Kevin Edwards,1993,SG,27,MIA,40,30,28.4,5.4,11.6,0.468,0.1,0.4,0.294,5.3,11.1,0.474,0.473,3,3.5,0.844,1.2,1.8,3,3,1.7,0.3,1.9,1.7,13.9
Craig Ehlo,1993,SG,31,CLE,82,73,31.2,4.7,9.6,0.49,1.1,3,0.381,3.6,6.6,0.54,0.55,1,1.5,0.717,1.4,3.5,4.9,3.1,1.3,0.3,1.5,2.1,11.6
Mario Elie,1993,SF,29,POR,82,7,21.4,2.9,6.4,0.458,0.5,1.6,0.349,2.4,4.8,0.494,0.501,2.2,2.6,0.855,0.7,1.9,2.6,2.2,0.9,0.2,1.1,1.8,8.6
Sean Elliott,1993,SF,24,SAS,70,70,37.2,6.4,13.1,0.491,0.5,1.5,0.356,5.9,11.6,0.509,0.511,3.8,4.8,0.795,1.2,3.4,4.6,3.8,1,0.4,2.2,1.9,17.2
Dale Ellis,1993,SG,32,SAS,82,76,33.3,6.6,13.3,0.499,1.5,3.6,0.401,5.2,9.7,0.536,0.554,1.9,2.4,0.797,1,2.8,3.8,1.3,1,0.2,1.4,2.2,16.7
LaPhonso Ellis,1993,PF,22,DEN,82,82,33.5,5.9,11.7,0.504,0,0.2,0.154,5.9,11.5,0.509,0.505,2.9,3.9,0.748,3.3,5.7,9.1,1.8,0.9,1.4,1.9,3.6,14.7
Pervis Ellison,1993,C,25,WSB,49,48,34.7,7,13.4,0.521,0,0.1,0,7,13.3,0.524,0.521,3.5,4.9,0.702,2.8,6,8.8,2.4,0.9,2.2,2.2,3.1,17.4
Jo Jo English,1993,SG,22,CHI,6,0,5.2,0.5,1.7,0.3,0,0.5,0,0.5,1.2,0.429,0.3,0,0.3,0,0.3,0.7,1,0.2,0.5,0.3,0.7,0.8,1
Patrick Ewing*,1993,C,30,NYK,81,81,37.1,9.6,19.1,0.503,0,0.1,0.143,9.6,19,0.504,0.503,4.9,6.9,0.719,2.4,9.7,12.1,1.9,0.9,2,3.3,3.5,24.2
Duane Ferrell,1993,SF,27,ATL,82,15,21.2,4,8.5,0.47,0.1,0.4,0.25,3.9,8,0.482,0.476,2.1,2.8,0.779,1.2,1.1,2.3,1.6,0.7,0.2,1.3,2,10.2
Danny Ferry,1993,PF,26,CLE,76,1,19.2,2.9,6,0.479,0.4,1.1,0.415,2.4,5,0.493,0.516,1.3,1.5,0.876,1.1,2.6,3.7,1.8,0.4,0.6,1.1,2.3,7.5
Vern Fleming,1993,PG,30,IND,75,8,20,3.7,7.4,0.505,0.1,0.5,0.194,3.6,6.9,0.527,0.512,1.9,2.6,0.726,0.8,1.4,2.3,3,0.8,0.1,1.6,1.7,9.5
Sleepy Floyd,1993,PG,32,HOU,52,10,16.7,2.4,5.9,0.407,0.3,1.1,0.286,2.1,4.8,0.434,0.433,1.6,2,0.794,0.3,1.4,1.7,2.5,0.6,0.1,1.3,1.1,6.6
Greg Foster,1993,PF,24,TOT,43,0,6.9,1.3,2.8,0.458,0,0.1,0,1.3,2.7,0.474,0.458,0.3,0.5,0.714,0.7,1.2,1.9,0.5,0.1,0.3,0.6,1.3,2.9
Greg Foster,1993,PF,24,WSB,10,0,9.3,1.1,2.5,0.44,0,0,,1.1,2.5,0.44,0.44,0.2,0.3,0.667,0.8,1.9,2.7,1.1,0,0.5,0.9,1.7,2.4
Greg Foster,1993,PF,24,ATL,33,0,6.2,1.3,2.9,0.463,0,0.1,0,1.3,2.8,0.484,0.463,0.4,0.5,0.722,0.7,1,1.7,0.3,0.1,0.3,0.5,1.2,3.1
Rick Fox,1993,SF,23,BOS,71,14,15.2,2.6,5.4,0.484,0.1,0.3,0.174,2.5,5,0.504,0.489,1.1,1.4,0.802,0.8,1.5,2.2,1.6,0.9,0.3,1.1,1.9,6.4
Kevin Gamble,1993,SF,27,BOS,82,58,31,5.6,11,0.507,0.6,1.7,0.374,5,9.4,0.531,0.535,1.5,1.8,0.826,0.6,2.4,3,2.8,1,0.5,1,2.3,13.3
Winston Garland,1993,PG,28,HOU,66,4,15.2,2.3,5.2,0.443,0.1,0.2,0.462,2.2,5,0.442,0.452,1.2,1.3,0.91,0.5,1.2,1.6,2.1,0.6,0.1,1,1.8,5.9
Chris Gatling,1993,PF,25,GSW,70,11,17.8,3.6,6.6,0.539,0,0.1,0,3.6,6.5,0.546,0.539,2.1,3,0.725,1.8,2.7,4.6,0.6,0.6,0.8,1.5,2.8,9.3
Kenny Gattison,1993,PF,28,CHH,75,5,19.7,2.7,5.1,0.529,0,0,0,2.7,5.1,0.533,0.529,1.4,2.3,0.604,1.4,3.3,4.7,0.9,0.6,0.7,0.9,3.2,6.8
Matt Geiger,1993,C,23,MIA,48,2,11.5,1.6,3,0.524,0,0.1,0,1.6,2.9,0.539,0.524,1.3,1.9,0.674,1,1.5,2.5,0.3,0.3,0.4,0.8,2.6,4.5
Tate George,1993,PG,24,NJN,48,1,7.9,1.1,2.8,0.378,0,0.1,0,1.1,2.7,0.392,0.378,0.4,0.5,0.833,0.2,0.4,0.6,1.2,0.2,0.1,0.6,0.5,2.5
Kendall Gill,1993,SG,24,CHH,69,67,35.2,6.7,15,0.449,0.2,0.9,0.274,6.5,14.1,0.46,0.457,3.2,4.2,0.772,1.7,3.2,4.9,3.9,1.4,0.5,2.5,2.8,16.9
Armen Gilliam,1993,PF,28,PHI,80,26,21.8,4.5,9.7,0.464,0,0,0,4.5,9.7,0.464,0.464,3.4,4.1,0.843,1.7,4.2,5.9,1.5,0.5,0.7,2,1.5,12.4
Gerald Glass,1993,SF,25,TOT,60,5,14.1,2.4,5.7,0.419,0.1,0.6,0.212,2.3,5.1,0.441,0.429,0.4,0.7,0.641,1,1.4,2.4,1.3,0.6,0.3,0.6,1.7,5.3
Gerald Glass,1993,SF,25,MIN,4,0,17.8,2,6.8,0.296,0,0.5,0,2,6.3,0.32,0.296,1,1.5,0.667,0.3,0.5,0.8,2.3,0.8,0,1.3,1.5,5
Gerald Glass,1993,SF,25,DET,56,5,13.9,2.4,5.6,0.429,0.1,0.6,0.226,2.3,5,0.452,0.441,0.4,0.6,0.636,1.1,1.4,2.5,1.2,0.5,0.3,0.5,1.8,5.3
Mike Gminski,1993,C,33,CHH,34,0,7.4,1.2,2.4,0.506,0,0,,1.2,2.4,0.506,0.506,0.3,0.3,0.9,1,1.5,2.5,0.2,0,0.3,0.3,0.8,2.7
Paul Graham,1993,SG,25,ATL,80,11,18.9,3.2,7,0.457,0.5,1.8,0.298,2.7,5.2,0.511,0.495,1.2,1.6,0.733,0.8,1.6,2.4,2.1,1.1,0.1,1.5,2.3,8.1
Gary Grant,1993,PG,27,LAC,74,8,21.9,2.8,6.4,0.441,0.1,0.6,0.262,2.7,5.9,0.459,0.453,0.7,1,0.743,0.4,1.5,1.9,4.8,1.4,0.1,1.7,2.3,6.6
Greg Grant,1993,PG,26,PHI,72,0,13.8,1.1,3.1,0.35,0.3,0.9,0.294,0.8,2.1,0.375,0.395,0.3,0.4,0.645,0.3,0.6,0.9,2.9,0.6,0,0.8,1,2.7
Harvey Grant,1993,SF,27,WSB,72,72,37,7.8,16,0.487,0,0.1,0.1,7.8,15.8,0.491,0.488,3,4.2,0.727,1.8,3.9,5.7,2.8,1,0.6,1.3,2.3,18.6
Horace Grant,1993,PF,27,CHI,77,77,35.6,5.5,10.8,0.508,0,0.1,0.2,5.5,10.7,0.51,0.508,2.3,3.6,0.619,4.4,5,9.5,2.6,1.2,1.2,1.4,2.8,13.2
Jeff Grayer,1993,SG,27,GSW,48,12,21.4,3.4,7.4,0.467,0,0.3,0.143,3.4,7.1,0.481,0.47,1.9,2.8,0.669,1.5,1.8,3.3,1.5,0.6,0.2,1.1,2.5,8.8
A.C. Green,1993,PF,29,LAL,82,55,34.4,4.6,8.6,0.537,0.2,0.6,0.348,4.4,8,0.55,0.548,3.4,4.6,0.739,3.5,5.2,8.7,1.4,1.1,0.5,1.4,1.8,12.8
Litterial Green,1993,PG,22,ORL,52,4,12,1.7,3.8,0.439,0,0.2,0.1,1.7,3.6,0.457,0.442,1.2,1.8,0.625,0.2,0.4,0.7,2.2,0.4,0.1,0.8,1.3,4.5
Sean Green,1993,SG,22,IND,13,0,6.2,2.2,4.2,0.509,0.2,0.8,0.3,1.9,3.5,0.556,0.536,0.2,0.3,0.75,0.3,0.4,0.7,0.5,0.2,0.1,0.7,0.8,4.8
Sidney Green,1993,PF,32,TOT,39,0,8.4,0.9,2.3,0.382,0,0.1,0,0.9,2.2,0.391,0.382,0.6,0.8,0.806,0.8,2.2,3,0.6,0.2,0.1,0.5,0.9,2.4
Sidney Green,1993,PF,32,SAS,15,0,13.5,1.3,3.3,0.408,0,0,,1.3,3.3,0.408,0.408,0.9,1,0.867,1.2,3.5,4.7,1.3,0.3,0.2,0.8,1.4,3.5
Sidney Green,1993,PF,32,CHH,24,0,5.3,0.6,1.7,0.35,0,0.1,0,0.6,1.6,0.368,0.35,0.5,0.7,0.75,0.6,1.4,2,0.2,0,0.1,0.3,0.7,1.7
Tom Gugliotta,1993,PF,23,WSB,81,81,34.5,6,14,0.426,0.5,1.7,0.281,5.5,12.3,0.446,0.443,2.2,3.5,0.644,2.7,6.9,9.6,3.8,1.7,0.4,2.8,2.4,14.7
Jay Guidinger,1993,C,23,CLE,32,5,6.7,0.6,1.7,0.345,0,0,,0.6,1.7,0.345,0.345,0.4,0.8,0.52,0.8,1.2,2,0.5,0.3,0.3,0.3,1.5,1.6
Tom Hammonds,1993,PF,25,TOT,54,5,13.2,1.9,4.1,0.475,0,0,0,1.9,4.1,0.477,0.475,0.7,1.1,0.613,0.7,1.6,2.4,0.4,0.3,0.2,0.6,1.4,4.6
Tom Hammonds,1993,PF,25,CHH,19,5,7.5,1,2.4,0.422,0,0,,1,2.4,0.422,0.422,0.3,0.4,0.625,0.3,1.4,1.6,0.4,0,0.2,0.2,1.1,2.3
Tom Hammonds,1993,PF,25,DEN,35,0,16.3,2.5,5,0.489,0,0,0,2.5,5,0.491,0.489,0.9,1.5,0.611,0.9,1.8,2.7,0.5,0.5,0.2,0.9,1.6,5.9
Tim Hardaway*,1993,PG,26,GSW,66,66,39.5,7.9,17.7,0.447,1.5,4.7,0.33,6.4,13,0.489,0.491,4.1,5.6,0.744,0.9,3.1,4,10.6,1.8,0.2,3.3,2.3,21.5
Derek Harper,1993,SG,31,DAL,62,60,34,6.3,15.1,0.419,1.6,4.1,0.393,4.7,11,0.428,0.472,3.9,5.1,0.756,0.7,1.3,2,5.4,1.3,0.3,2.2,2.3,18.2
Ron Harper,1993,SG,29,LAC,80,77,37.1,6.8,15,0.451,0.7,2.3,0.28,6.1,12.7,0.482,0.472,3.8,5,0.769,1.5,3.9,5.3,4.5,2.2,0.9,2.8,2.7,18
Scott Hastings,1993,C,32,DEN,76,0,8.8,0.8,1.5,0.509,0,0.1,0.25,0.7,1.4,0.529,0.518,0.5,0.7,0.727,0.6,1.2,1.8,0.4,0.2,0.1,0.4,1.5,2.1
Hersey Hawkins,1993,SG,26,PHI,81,81,36.8,6.8,14.5,0.47,1.5,3.8,0.397,5.3,10.7,0.496,0.522,5.2,6,0.86,1.1,3.1,4.3,3.9,1.7,0.4,2.2,2.3,20.3
Steve Henson,1993,PG,24,ATL,53,2,13.6,1.3,3.4,0.39,0.7,1.5,0.463,0.6,1.9,0.333,0.492,0.6,0.8,0.85,0.2,0.8,1,2.9,0.6,0,1,1.6,4
Carl Herrera,1993,PF,26,HOU,81,12,22.2,3,5.5,0.541,0,0,0,3,5.5,0.543,0.541,1.5,2.2,0.71,1.8,3.8,5.6,0.8,0.6,0.4,1.1,2.3,7.5
Rod Higgins,1993,SF,33,SAC,69,4,20.7,2.9,7,0.412,0.6,1.9,0.323,2.3,5.1,0.446,0.457,1.9,2.2,0.861,1,1.8,2.8,1.7,0.7,0.4,0.9,2,8.3
Sean Higgins,1993,SF,24,GSW,29,4,20.4,3.3,7.4,0.447,0.4,1.3,0.351,2.9,6.1,0.466,0.477,1.2,1.6,0.745,0.8,1.6,2.3,2.3,0.4,0.2,2.2,1.9,8.3
Tyrone Hill,1993,C,24,GSW,74,66,28,3.4,6.7,0.508,0,0.1,0,3.4,6.6,0.512,0.508,1.9,3,0.624,3.4,6.7,10.2,0.9,0.6,0.5,1.2,4.3,8.6
Donald Hodge,1993,C,23,DAL,79,8,16,2,5.1,0.403,0,0,,2,5.1,0.403,0.403,0.9,1.3,0.683,1.2,2.5,3.7,0.9,0.4,0.5,1.1,2.6,5
Dave Hoppen,1993,C,28,NJN,2,0,5,0.5,0.5,1,0,0,,0.5,0.5,1,1,0,1,0,0.5,1.5,2,0,0,0,0,1,1
Jeff Hornacek,1993,PG,29,PHI,79,78,36.2,7.4,15.7,0.47,1.2,3.2,0.39,6.1,12.5,0.49,0.509,3.2,3.7,0.865,1.1,3.3,4.3,6.9,1.7,0.3,2.8,2.6,19.1
Robert Horry,1993,SF,22,HOU,79,79,29.5,4.1,8.6,0.474,0.2,0.6,0.255,3.9,8,0.49,0.482,1.8,2.5,0.715,1.4,3.5,5,2.4,1,1.1,2,2.7,10.1
Byron Houston,1993,PF,23,GSW,79,8,16.1,1.8,4.1,0.446,0,0.1,0.286,1.8,4,0.45,0.449,1.6,2.5,0.665,1.5,2.5,4,0.9,0.6,0.5,1.1,3.2,5.3
Brian Howard,1993,SF,25,DAL,68,22,19,2.7,6.1,0.442,0,0.1,0.143,2.7,6,0.447,0.443,1.1,1.4,0.766,1,2.1,3.1,1,0.8,0.5,1,3.2,6.5
Stephen Howard,1993,SF,22,UTA,49,0,5.3,0.7,1.9,0.376,0,0,,0.7,1.9,0.376,0.376,0.7,1.1,0.642,0.5,0.7,1.2,0.2,0.3,0.2,0.5,1.2,2.1
Jay Humphries,1993,SG,30,UTA,78,20,26.1,3.7,8.4,0.436,0.2,1,0.2,3.5,7.5,0.466,0.447,1.3,1.7,0.777,0.5,1.3,1.8,4.1,1.3,0.1,1.7,3,8.8
Byron Irvin,1993,SG,26,WSB,4,2,11.3,2.3,4.5,0.5,0.3,0.3,1,2,4.3,0.471,0.528,0.8,1.5,0.5,0.5,0.5,1,0.5,0.3,0,1,1.3,5.5
Mike Iuzzolino,1993,PG,25,DAL,70,23,25.3,3.2,6.8,0.462,0.8,2.1,0.375,2.4,4.8,0.5,0.519,1.6,2.1,0.765,0.4,1.6,2,4.7,0.7,0.1,1.8,1.4,8.7
Jaren Jackson,1993,SG,25,LAC,34,0,10.3,1.6,3.8,0.414,0.1,0.1,0.4,1.5,3.6,0.415,0.422,0.7,0.8,0.852,0.6,0.6,1.1,1,0.6,0.1,0.5,1.3,3.9
Jim Jackson,1993,SF,22,DAL,28,28,33.5,6.6,16.6,0.395,0.8,2.6,0.288,5.8,14,0.415,0.417,2.4,3.3,0.739,1.5,2.9,4.4,4.7,1.4,0.4,4.1,2.9,16.3
Mark Jackson,1993,PG,27,LAC,82,81,38,5.6,11.5,0.486,0.3,1,0.268,5.3,10.5,0.506,0.497,2.9,3.7,0.803,1.6,3.2,4.7,8.8,1.7,0.1,2.7,1.9,14.4
Henry James,1993,PF,27,TOT,10,0,8.8,2.1,5.1,0.412,0.3,1.3,0.231,1.8,3.8,0.474,0.441,2.2,2.6,0.846,0.7,0.4,1.1,0.1,0.3,0,0.7,0.9,6.7
Henry James,1993,PF,27,SAC,8,0,9.9,2.5,5.6,0.444,0.4,1.3,0.3,2.1,4.4,0.486,0.478,2.1,2.5,0.85,0.8,0.5,1.3,0.1,0.4,0,0.9,1.1,7.5
Henry James,1993,PF,27,UTA,2,0,4.5,0.5,3,0.167,0,1.5,0,0.5,1.5,0.333,0.167,2.5,3,0.833,0.5,0,0.5,0,0,0,0,0,3.5
Keith Jennings,1993,PG,24,GSW,8,0,17,3.1,5.3,0.595,0.6,1.1,0.556,2.5,4.1,0.606,0.655,1.8,2.3,0.778,0.3,1.1,1.4,2.9,0.5,0,0.9,2.3,8.6
Avery Johnson,1993,PG,27,SAS,75,49,27.1,3.4,6.8,0.502,0,0.1,0,3.4,6.7,0.51,0.502,1.9,2.4,0.791,0.3,1.7,1.9,7.5,1.1,0.2,1.9,1.9,8.7
Buck Johnson,1993,SF,29,WSB,73,19,17.6,2.6,5.5,0.479,0,0,0,2.6,5.5,0.483,0.479,1.3,1.7,0.73,1.1,1.6,2.7,1.2,0.5,0.2,1,2.6,6.5
Dave Johnson,1993,SG,22,POR,42,0,8.5,1.4,3.5,0.383,0.1,0.3,0.214,1.3,3.2,0.4,0.393,1,1.4,0.678,0.4,0.7,1.1,0.3,0.2,0,0.7,0.5,3.7
Eddie Johnson,1993,SF,33,SEA,82,0,22.8,5.6,12.1,0.467,0.2,0.7,0.304,5.4,11.4,0.477,0.476,2.9,3.1,0.911,1.5,1.8,3.3,1.6,0.4,0,1.6,2.1,14.4
Frank Johnson,1993,PG,34,PHO,77,0,14.6,1.8,4.1,0.436,0,0.2,0.083,1.8,3.9,0.45,0.438,0.8,1,0.776,0.5,0.9,1.5,2.4,0.8,0.1,1,1.5,4.3
Kevin Johnson,1993,PG,26,PHO,49,47,33.5,5.8,11.5,0.499,0,0.2,0.125,5.7,11.4,0.504,0.5,4.6,5.6,0.819,0.6,1.5,2.1,7.8,1.7,0.4,3.1,2,16.1
Larry Johnson,1993,PF,23,CHH,82,82,40.5,8.9,16.9,0.526,0.2,0.9,0.254,8.7,16,0.54,0.532,4.1,5.3,0.767,3.4,7.1,10.5,4.3,0.6,0.3,2.8,2.3,22.1
Charles Jones,1993,C,35,WSB,67,21,18,0.5,0.9,0.524,0,0,0,0.5,0.9,0.532,0.524,0.3,0.6,0.579,1.3,2.8,4.1,0.6,0.6,1.1,0.6,2.1,1.3
Michael Jordan*,1993,SG,29,CHI,78,78,39.3,12.7,25.7,0.495,1,2.9,0.352,11.7,22.7,0.514,0.515,6.1,7.3,0.837,1.7,5,6.7,5.5,2.8,0.8,2.7,2.4,32.6
Thomas Jordan,1993,PF,24,PHI,4,0,26.5,4.5,10.3,0.439,0,0,,4.5,10.3,0.439,0.439,2,4.3,0.471,1.3,3.5,4.8,0.8,0.8,1.3,3,3.5,11
Adam Keefe,1993,PF,22,ATL,82,6,18.9,2.3,4.6,0.5,0,0,0,2.3,4.6,0.501,0.5,2,2.9,0.7,2.1,3.2,5.3,1,0.7,0.2,1.2,2.4,6.6
Shawn Kemp,1993,PF,23,SEA,78,68,33.1,6.6,13.4,0.492,0,0.1,0,6.6,13.4,0.494,0.492,4.6,6.4,0.712,3.7,7,10.7,2,1.5,1.9,2.8,4.2,17.8
Tim Kempton,1993,PF,29,PHO,30,0,5.6,0.6,1.6,0.396,0,0,,0.6,1.6,0.396,0.396,0.6,1,0.581,0.4,0.9,1.3,0.6,0.1,0.1,0.5,1,1.9
Steve Kerr,1993,SG-PG,27,TOT,52,0,9.3,1,2.3,0.434,0.1,0.5,0.231,0.9,1.8,0.49,0.459,0.4,0.5,0.917,0.1,0.8,0.9,1.3,0.2,0,0.5,0.7,2.6
Steve Kerr,1993,PG,27,CLE,5,0,8.2,1,2,0.5,0,0.4,0,1,1.6,0.625,0.5,0.4,0.4,1,0,1.4,1.4,2.2,0.4,0,0.4,0.4,2.4
Steve Kerr,1993,SG,27,ORL,47,0,9.4,1,2.4,0.429,0.1,0.5,0.25,0.9,1.9,0.477,0.455,0.4,0.5,0.909,0.1,0.7,0.8,1.3,0.2,0,0.5,0.7,2.6
Jerome Kersey,1993,SF,30,POR,65,50,26.4,4.3,9.9,0.438,0.1,0.4,0.286,4.2,9.4,0.445,0.444,1.8,2.8,0.634,1.9,4.3,6.2,1.9,1.2,0.6,1.3,2.8,10.6
Alec Kessler,1993,PF,26,MIA,40,2,10.4,1.4,3.1,0.467,0.1,0.3,0.455,1.3,2.8,0.468,0.488,0.9,1.2,0.766,0.6,1.7,2.3,0.4,0.1,0.3,0.5,1.6,3.9
Bo Kimble,1993,SG,26,NYK,9,0,6.1,1.6,3.7,0.424,0.2,0.9,0.25,1.3,2.8,0.48,0.455,0.3,0.9,0.375,0.3,0.9,1.2,0.6,0.1,0,0.7,1.1,3.7
Stan Kimbrough,1993,PG,26,SAC,3,0,5,0.7,2,0.333,0.3,0.7,0.5,0.3,1.3,0.25,0.417,0,0,,0,0,0,0.3,0.3,0,0,0.3,1.7
Bernard King*,1993,SF,36,NJN,32,2,13.4,2.8,5.5,0.514,0.1,0.2,0.286,2.8,5.3,0.524,0.52,1.2,1.8,0.684,1.1,1.3,2.4,0.6,0.3,0.1,0.7,1.7,7
Rich King,1993,C,23,SEA,3,0,4,0.7,1.7,0.4,0,0,,0.7,1.7,0.4,0.4,0.7,0.7,1,0.3,1.3,1.7,0.3,0,0,1,0.3,2
Stacey King,1993,C,26,CHI,76,3,13.9,2.1,4.5,0.471,0,0.1,0.333,2.1,4.4,0.473,0.474,1.1,1.6,0.705,1.4,1.3,2.7,0.9,0.3,0.3,0.9,1.7,5.4
Greg Kite,1993,C,31,ORL,64,1,10,0.6,1.3,0.452,0,0,0,0.6,1.3,0.458,0.452,0.2,0.4,0.542,1,2,3,0.2,0.2,0.2,0.5,2.1,1.4
Joe Kleine,1993,C,31,BOS,78,3,14.5,1.4,3.4,0.404,0,0.1,0,1.4,3.3,0.414,0.404,0.5,0.7,0.707,1.4,3,4.4,0.5,0.2,0.2,0.5,1.6,3.3
Negele Knight,1993,PG,25,PHO,52,35,17.1,2.4,6.1,0.391,0,0.1,0,2.4,6,0.4,0.391,1.3,1.7,0.779,0.5,0.7,1.2,2.8,0.4,0.1,1.4,1.3,6.1
Bart Kofoed,1993,SG,28,BOS,7,0,5.9,0.4,1.9,0.231,0,0.1,0,0.4,1.7,0.25,0.231,1.6,2,0.786,0,0.1,0.1,1.4,0.3,0.1,0.4,0.1,2.4
Jon Koncak,1993,C,29,ATL,78,65,25.3,1.6,3.4,0.464,0,0.1,0.375,1.6,3.3,0.467,0.47,0.3,0.6,0.48,1.3,4.2,5.5,1.8,1,1.3,0.7,3.4,3.5
Larry Krystkowiak,1993,PF,28,UTA,71,0,19.2,2.8,6,0.466,0,0,0,2.8,6,0.467,0.466,1.6,2.1,0.796,1,2.9,3.9,1,0.6,0.2,0.9,2.5,7.2
Christian Laettner,1993,PF,23,MIN,81,81,34.9,6.2,13.1,0.474,0,0.5,0.1,6.2,12.6,0.489,0.476,5.7,6.8,0.835,2.1,6.6,8.7,2.8,1.3,1,3.4,3.6,18.2
Bill Laimbeer,1993,C,35,DET,79,41,24.5,3.7,7.3,0.509,0.1,0.3,0.37,3.6,6.9,0.516,0.517,1.2,1.3,0.894,1.4,3.9,5.3,1.6,0.6,0.5,0.7,2.7,8.7
Jerome Lane,1993,PF,26,CLE,21,2,7.1,1.3,2.6,0.5,0,0,,1.3,2.6,0.5,0.5,0.2,1,0.25,1.1,1.4,2.5,0.8,0.6,0.1,0.3,1.5,2.8
Andrew Lang,1993,C,26,PHI,73,59,25.5,2,4.8,0.425,0,0.1,0.2,2,4.7,0.428,0.426,1.2,1.6,0.763,1.9,4.1,6,1.1,0.6,1.9,1.2,3.6,5.3
Doug Lee,1993,SG,28,NJN,5,0,6.6,0.4,1.4,0.286,0.2,0.6,0.333,0.2,0.8,0.25,0.357,0,0,,0,0.4,0.4,1,0,0.2,0.6,1.4,1
Tim Legler,1993,SG,26,TOT,33,0,19.2,3.2,7.3,0.436,0.7,2,0.338,2.5,5.3,0.472,0.481,1.7,2.2,0.803,0.8,1,1.8,1.4,0.7,0.2,0.8,1.9,8.8
Tim Legler,1993,SG,26,UTA,3,0,1.7,0.3,1,0.333,0,0,,0.3,1,0.333,0.333,0,0,,0,0.3,0.3,0,0,0,0,0,0.7
Tim Legler,1993,SG,26,DAL,30,0,21,3.5,7.9,0.437,0.7,2.2,0.338,2.7,5.8,0.474,0.483,1.9,2.4,0.803,0.8,1.1,1.9,1.5,0.8,0.2,0.9,2.1,9.6
Jim Les,1993,PG,29,SAC,73,0,12.1,1.5,3.5,0.425,0.9,2.1,0.429,0.6,1.4,0.419,0.552,0.6,0.7,0.84,0.3,0.9,1.2,2.3,0.5,0.1,0.7,1.1,4.5
Reggie Lewis,1993,SG,27,BOS,80,80,39.3,8.3,17.6,0.47,0.2,0.8,0.233,8.1,16.9,0.481,0.475,4.1,4.7,0.867,1.1,3.2,4.3,3.7,1.5,1,1.7,3.1,20.8
Marcus Liberty,1993,SF,24,DEN,78,32,20.3,3.2,7.9,0.406,0.3,0.8,0.373,2.9,7.2,0.41,0.424,1.3,2,0.654,1.7,2.6,4.3,1.3,0.8,0.3,1,1.8,8.1
Todd Lichti,1993,SG,26,DEN,48,12,15.7,2.6,5.8,0.449,0,0.1,0.333,2.5,5.6,0.452,0.453,1.7,2.1,0.794,0.7,1.4,2.1,1.1,0.6,0.2,1,1.3,6.9
Alton Lister,1993,C,34,GSW,20,9,8.7,1,2.1,0.452,0,0,,1,2.1,0.452,0.452,0.4,0.7,0.538,0.8,1.5,2.2,0.3,0,0.5,0.9,2,2.3
Brad Lohaus,1993,PF,28,MIL,80,24,22.1,3.5,7.7,0.461,1.1,2.9,0.37,2.5,4.8,0.516,0.53,0.9,1.3,0.723,0.7,2.7,3.5,1.6,0.6,0.9,1.2,2.2,9.1
Grant Long,1993,PF,26,MIA,76,62,35.9,5.2,11.1,0.469,0.1,0.3,0.231,5.1,10.8,0.476,0.472,3.4,4.5,0.765,2.6,4.9,7.5,2.4,1.4,0.4,1.8,3.5,14
Luc Longley,1993,C,24,MIN,55,25,19,2.4,5.3,0.455,0,0,,2.4,5.3,0.455,0.455,1,1.3,0.716,1.3,3.1,4.4,0.9,0.9,1.4,1.6,3.1,5.8
Kevin Lynch,1993,SG,24,CHH,40,8,8.1,0.8,1.5,0.508,0,0,0,0.8,1.5,0.517,0.508,0.7,1,0.684,0.3,0.6,0.9,0.6,0.3,0.2,0.6,1.1,2.2
Sam Mack,1993,SF,22,SAS,40,0,6.7,1.2,3,0.398,0.1,0.6,0.136,1.1,2.4,0.458,0.411,1.1,1.5,0.776,0.5,0.8,1.2,0.4,0.4,0.1,0.6,1.1,3.6
Don MacLean,1993,PF,23,WSB,62,4,10.9,2.5,5.8,0.435,0,0.1,0.5,2.5,5.7,0.434,0.439,1.5,1.8,0.811,0.5,1.4,2,0.6,0.2,0.1,0.7,1.3,6.6
Mark Macon,1993,PG,23,DEN,48,27,23.8,3.3,7.9,0.415,0,0.1,0,3.3,7.8,0.421,0.415,0.9,1.3,0.7,0.7,1.5,2.1,2.6,1.4,0.1,1.5,2.8,7.5
Rick Mahorn,1993,PF,34,NJN,74,9,14.6,1.4,2.9,0.472,0,0,0.333,1.4,2.9,0.474,0.474,1.2,1.5,0.8,1.3,2.5,3.8,0.4,0.3,0.4,0.8,2.1,3.9
Dan Majerle,1993,SG,27,PHO,82,82,39,6.2,13.4,0.464,2,5.3,0.381,4.2,8,0.52,0.541,2.5,3.2,0.778,1.5,3.2,4.7,3.8,1.7,0.4,1.6,2.2,16.9
Jeff Malone,1993,SG,31,UTA,79,59,32.4,7.5,15.3,0.494,0,0.1,0.333,7.5,15.1,0.495,0.495,3,3.5,0.852,0.4,1.8,2.2,1.6,0.5,0.1,1.6,1.5,18.1
Karl Malone*,1993,PF,29,UTA,82,82,37.8,9.7,17.6,0.552,0,0.2,0.2,9.7,17.4,0.557,0.554,7.5,10.2,0.74,2.8,8.4,11.2,3.8,1.5,1,2.9,3.2,27
Moses Malone*,1993,C,37,MIL,11,0,9.5,1.2,3.8,0.31,0,0,,1.2,3.8,0.31,0.31,2.2,2.8,0.774,2,2.2,4.2,0.6,0.1,0.7,0.9,0.5,4.5
Danny Manning,1993,PF,26,LAC,79,77,34.9,8.9,17.5,0.509,0.1,0.4,0.267,8.8,17.1,0.514,0.512,4.9,6.1,0.802,2.5,4.1,6.6,2.6,1.4,1.3,2.9,4.1,22.8
Šarūnas Marčiulionis*,1993,SF,28,GSW,30,8,27.9,5.9,10.9,0.543,0.1,0.5,0.2,5.8,10.4,0.559,0.547,5.4,7.1,0.761,1.3,1.9,3.2,3.5,1.7,0.1,2.5,3.1,17.4
Anthony Mason,1993,PF,26,NYK,81,0,30.6,3.9,7.8,0.502,0,0,,3.9,7.8,0.502,0.502,2.5,3.6,0.682,2.9,5,7.9,2.1,0.5,0.2,1.7,3,10.3
Marlon Maxey,1993,PF,23,MIN,43,3,12.1,2.2,3.9,0.55,0,0,0,2.2,3.9,0.554,0.55,1,1.6,0.643,1.5,2.3,3.8,0.3,0.3,0.4,0.9,1.7,5.4
Vernon Maxwell,1993,SG,27,HOU,71,68,31.7,4.9,12.1,0.407,1.7,5.1,0.332,3.2,7,0.461,0.477,2.3,3.2,0.719,0.4,2.7,3.1,4.2,1.2,0.1,2,1.7,13.8
Lee Mayberry,1993,PG,22,MIL,82,4,18.3,2.1,4.6,0.456,0.5,1.3,0.391,1.6,3.2,0.483,0.513,0.5,0.8,0.574,0.3,1.1,1.4,3.3,0.7,0.1,1,1.8,5.2
Travis Mays,1993,PG,24,ATL,49,9,16.1,2.6,6.3,0.417,0.6,1.7,0.345,2,4.6,0.444,0.464,1.1,1.7,0.659,0.4,0.7,1.1,1.5,0.4,0.1,1,1.2,7
Bob McCann,1993,SF,28,MIN,79,7,19.4,2.5,5.2,0.488,0,0,0,2.5,5.2,0.49,0.488,1.2,1.9,0.625,1.2,2.4,3.6,0.9,0.6,0.7,1,2.6,6.3
George McCloud,1993,SF,25,IND,78,21,19.2,2.8,6.7,0.411,0.7,2.3,0.32,2,4.4,0.459,0.467,1,1.3,0.735,0.8,1.9,2.6,2.5,0.7,0.1,1.4,2.1,7.2
Rodney McCray,1993,SF,31,CHI,64,5,15.9,1.4,3.2,0.451,0,0.1,0.4,1.4,3.1,0.452,0.456,0.6,0.8,0.692,0.8,1.6,2.5,1.3,0.2,0.2,0.8,1.5,3.5
Xavier McDaniel,1993,PF,29,BOS,82,27,27,5.6,11.3,0.495,0.1,0.3,0.273,5.5,11,0.5,0.498,2.3,2.9,0.793,2,3.9,6,2,0.9,0.6,2.1,3,13.5
Kevin McHale*,1993,PF,35,BOS,71,0,23.3,4.2,9.1,0.459,0,0.3,0.111,4.2,8.9,0.469,0.461,2.3,2.7,0.841,1.3,3.7,5,1,0.2,0.8,1.3,1.8,10.7
Derrick McKey,1993,SF,26,SEA,77,68,31.7,5,10.1,0.496,0.5,1.5,0.357,4.5,8.7,0.519,0.522,2.9,3.9,0.741,1.6,2.7,4.2,2.6,1.4,0.8,2,2.7,13.4
Nate McMillan,1993,PG,28,SEA,73,25,27.1,2.9,6.3,0.464,0.3,0.9,0.385,2.6,5.4,0.477,0.491,1.3,1.8,0.709,1.2,3,4.2,5.3,2.4,0.5,1.9,3.3,7.5
Oliver Miller,1993,C,22,PHO,56,1,19.1,2.2,4.6,0.475,0,0.1,0,2.2,4.5,0.48,0.475,1.3,1.8,0.71,1.3,3.7,4.9,2.1,0.7,1.8,1.9,2.6,5.6
Reggie Miller*,1993,SG,27,IND,82,82,36,7,14.5,0.479,2,5.1,0.399,4.9,9.4,0.522,0.549,5.2,5.9,0.88,0.8,2.3,3.1,3.2,1.5,0.3,1.8,2.2,21.2
Terry Mills,1993,PF,25,DET,81,46,27,6.1,13.2,0.461,0.1,0.4,0.278,6,12.8,0.467,0.465,2.5,3.1,0.791,2.2,3.7,5.8,1.4,0.5,0.6,1.8,3.5,14.8
Harold Miner,1993,SG,21,MIA,73,0,18.9,4,8.4,0.475,0,0.1,0.333,4,8.3,0.477,0.477,2.2,2.9,0.762,1,1,2,1,0.5,0.1,1.3,1.8,10.3
Sam Mitchell,1993,SF,29,IND,81,1,17.3,2.7,6,0.445,0,0.3,0.174,2.6,5.7,0.459,0.449,1.9,2.3,0.811,1.1,1.9,3.1,0.9,0.3,0.1,0.6,2.6,7.2
Tracy Moore,1993,SG,27,DAL,39,1,13.1,2.6,6.4,0.414,0.6,1.7,0.343,2.1,4.7,0.44,0.46,1.4,1.6,0.869,0.6,0.7,1.3,1.2,0.5,0.1,0.8,1.4,7.2
Chris Morris,1993,SF,27,NJN,77,57,29.9,5.7,11.8,0.481,0.2,1,0.224,5.4,10.8,0.504,0.49,2.6,3.2,0.794,2.9,2.9,5.9,1.4,1.9,0.7,1.5,2.2,14.1
Isaiah Morris,1993,SF,23,DET,25,0,4.1,1,2.3,0.456,0,0,,1,2.3,0.456,0.456,0.1,0.2,0.75,0.2,0.2,0.5,0.2,0.1,0,0.3,0.6,2.2
Alonzo Mourning*,1993,C,22,CHH,78,78,33.9,7.3,14.3,0.511,0,0,0,7.3,14.3,0.513,0.511,6.3,8.1,0.781,3.4,6.9,10.3,1,0.3,3.5,3,3.7,21
Chris Mullin*,1993,SF,29,GSW,46,46,41.3,10.3,20.2,0.51,1.3,2.9,0.451,9,17.3,0.519,0.542,4,4.9,0.81,0.9,4.1,5,3.6,1.5,0.9,3,1.7,25.9
Eric Murdock,1993,PG,24,MIL,79,78,30.8,5.5,11.8,0.468,0.4,1.5,0.261,5.2,10.3,0.498,0.485,2.9,3.7,0.78,1.2,2.4,3.6,7.6,2.2,0.1,2.6,2.2,14.4
Tracy Murray,1993,SF,21,POR,48,14,10.3,2.3,5.4,0.415,0.4,1.5,0.3,1.8,4,0.458,0.456,0.7,0.8,0.875,0.8,0.9,1.7,0.2,0.2,0.1,0.6,1.2,5.7
Jerrod Mustaf,1993,PF,23,PHO,32,9,10.5,1.8,4.1,0.438,0,0,0,1.8,4,0.442,0.438,1,1.7,0.623,0.9,1.7,2.6,0.3,0.4,0.3,0.7,1.3,4.6
Dikembe Mutombo*,1993,C,26,DEN,82,82,36.9,4.9,9.5,0.51,0,0,,4.9,9.5,0.51,0.51,4.1,6,0.681,4.2,8.9,13,1.8,0.5,3.5,2.6,3.5,13.8
Larry Nance,1993,PF,33,CLE,77,77,35.8,6.9,12.6,0.549,0,0.1,0,6.9,12.6,0.551,0.549,2.6,3.2,0.818,2.4,6.3,8.7,2.9,0.7,2.6,1.4,2.9,16.5
Ed Nealy,1993,PF,32,TOT,41,4,7.5,0.6,1.7,0.377,0.2,0.7,0.296,0.4,1,0.429,0.435,0.2,0.3,0.75,0.3,1.3,1.6,0.4,0.3,0,0.2,1,1.7
Ed Nealy,1993,PF,32,GSW,30,4,7.6,0.5,1.5,0.348,0.2,0.7,0.318,0.3,0.8,0.375,0.424,0.2,0.3,0.7,0.3,1.3,1.6,0.4,0.3,0,0.2,1.2,1.5
Ed Nealy,1993,PF,32,CHI,11,0,7.2,0.9,2.1,0.435,0.1,0.5,0.2,0.8,1.6,0.5,0.457,0.2,0.2,1,0.4,1.1,1.5,0.2,0.3,0.1,0.2,0.5,2.1
Melvin Newbern,1993,SG,25,DET,33,1,9.4,1.3,3.4,0.372,0,0.2,0.125,1.2,3.2,0.39,0.376,1,1.8,0.567,0.6,0.5,1.1,1.7,0.7,0,1,1.3,3.6
Johnny Newman,1993,SF,29,CHH,64,27,23,4.4,8.3,0.522,0.2,0.7,0.267,4.2,7.6,0.546,0.534,3,3.8,0.808,1.1,1.1,2.2,1.8,0.7,0.3,1.4,2.4,11.9
Ken Norman,1993,SF,28,LAC,76,71,32.6,6.6,12.8,0.511,0.1,0.5,0.263,6.4,12.3,0.521,0.516,1.7,2.9,0.595,2.8,4.8,7.5,2.2,0.8,0.8,1.6,2.1,15
Shaquille O'Neal*,1993,C,20,ORL,81,81,37.9,9,16.1,0.562,0,0,0,9,16.1,0.563,0.562,5.3,8.9,0.592,4.2,9.6,13.9,1.9,0.7,3.5,3.8,4,23.4
Dan O'Sullivan,1993,C,24,TOT,6,0,2.8,0.5,0.8,0.6,0,0,,0.5,0.8,0.6,0.6,0.5,0.7,0.75,0.3,0.7,1,0.2,0.2,0,0,0.7,1.5
Dan O'Sullivan,1993,C,24,NJN,3,0,3.3,0.7,1,0.667,0,0,,0.7,1,0.667,0.667,0,0,,0.7,0.7,1.3,0,0,0,0,0.3,1.3
Dan O'Sullivan,1993,C,24,MIL,3,0,2.3,0.3,0.7,0.5,0,0,,0.3,0.7,0.5,0.5,1,1.3,0.75,0,0.7,0.7,0.3,0.3,0,0,1,1.7
Charles Oakley,1993,PF,29,NYK,82,82,27.2,2.7,5.3,0.508,0,0,0,2.7,5.2,0.509,0.508,1.5,2.1,0.722,3.5,5.1,8.6,1.5,1,0.2,1.5,3.5,6.9
Alan Ogg,1993,C,25,TOT,6,0,4.8,0.8,2.2,0.385,0,0,,0.8,2.2,0.385,0.385,0.5,0.7,0.75,0.5,1.2,1.7,0.7,0.2,0.5,0.5,1,2.2
Alan Ogg,1993,C,25,MIL,3,0,8.7,1,3,0.333,0,0,,1,3,0.333,0.333,0.7,0.7,1,0.3,1.7,2,1.3,0.3,1,1,2,2.7
Alan Ogg,1993,C,25,WSB,3,0,1,0.7,1.3,0.5,0,0,,0.7,1.3,0.5,0.5,0.3,0.7,0.5,0.7,0.7,1.3,0,0,0,0,0,1.7
Hakeem Olajuwon*,1993,C,30,HOU,82,82,39.5,10.3,19.5,0.529,0,0.1,0,10.3,19.5,0.532,0.529,5.4,7,0.779,3.5,9.6,13,3.5,1.8,4.2,3.2,3.7,26.1
Matt Othick,1993,PG,23,SAS,4,0,9.8,0.8,1.3,0.6,0.5,1,0.5,0.3,0.3,1,0.8,0,0.5,0,0.3,0.3,0.5,1.8,0.3,0,1,1.8,2
Doug Overton,1993,PG,23,WSB,45,13,22,3.4,7.2,0.471,0.1,0.3,0.231,3.3,6.9,0.481,0.475,1.3,1.8,0.728,0.6,1.8,2.4,3.5,0.7,0.1,1.6,1.8,8.1
Billy Owens,1993,PF,23,GSW,37,37,32.5,6.7,13.3,0.501,0,0.3,0.091,6.6,13,0.51,0.502,3.2,4.9,0.639,2.9,4.2,7.1,3.9,0.9,0.8,2.9,2.8,16.5
Robert Pack,1993,PG,23,DEN,77,1,20.5,3.7,7.9,0.47,0,0.1,0.125,3.7,7.8,0.475,0.471,3.1,4,0.768,0.7,1.4,2.1,4.4,1.1,0.1,2.4,2.4,10.5
Gerald Paddio,1993,SF,27,SEA,41,3,7.5,1.7,3.9,0.447,0,0.2,0.25,1.7,3.7,0.457,0.453,0.3,0.5,0.667,0.4,0.8,1.2,0.8,0.3,0.1,0.4,0.6,3.9
Walter Palmer,1993,C,24,DAL,20,0,6.2,1.4,2.9,0.474,0,0,,1.4,2.9,0.474,0.474,0.3,0.5,0.667,0.6,1.6,2.2,0.3,0.1,0.3,0.5,1.5,3
Robert Parish*,1993,C,39,BOS,79,79,27.2,5.3,9.8,0.535,0,0,,5.3,9.8,0.535,0.535,2.1,3,0.689,3.1,6.3,9.4,0.8,0.7,1.4,1.5,2.5,12.6
John Paxson,1993,PG,32,CHI,59,8,17.5,1.8,3.9,0.451,0.3,0.7,0.463,1.5,3.3,0.448,0.491,0.3,0.3,0.85,0.2,0.7,0.8,2.3,0.6,0,0.5,1.7,4.2
Kenny Payne,1993,SF,26,PHI,13,0,11.8,2.9,6.9,0.422,0.3,1.4,0.222,2.6,5.5,0.472,0.444,0.3,0.3,1,0.3,1.5,1.8,1.4,0.4,0.2,0.5,1.2,6.5
Gary Payton*,1993,PG,24,SEA,82,78,31.1,5.8,11.7,0.494,0.1,0.4,0.206,5.7,11.3,0.505,0.498,1.8,2.4,0.77,1.2,2.3,3.4,4.9,2.2,0.3,1.8,3,13.5
Anthony Peeler,1993,SG,23,LAL,77,11,21.5,3.9,8.2,0.468,0.6,1.5,0.39,3.3,6.7,0.486,0.505,2.1,2.7,0.786,0.8,1.5,2.3,2.2,0.8,0.2,1.6,2.5,10.4
Will Perdue,1993,C,27,CHI,72,16,13.9,1.9,3.4,0.557,0,0,0,1.9,3.4,0.559,0.557,0.9,1.5,0.604,1.4,2.6,4,1,0.3,0.7,1,1.9,4.7
Sam Perkins,1993,PF,31,TOT,79,62,29.8,4.8,10.1,0.477,0.3,0.9,0.338,4.5,9.2,0.49,0.492,3.2,3.9,0.82,2.1,4.6,6.6,2,0.8,1,1.4,2.8,13.1
Sam Perkins,1993,PF,31,LAL,49,49,32.4,4.9,10.8,0.459,0.1,0.6,0.172,4.8,10.2,0.476,0.464,3.8,4.5,0.829,2.3,5.5,7.7,2.6,0.8,1,1.6,2.8,13.7
Sam Perkins,1993,PF,31,SEA,30,13,25.4,4.6,9.1,0.511,0.6,1.4,0.452,4,7.7,0.522,0.546,2.2,2.8,0.795,1.7,3.1,4.8,0.9,0.7,1,1.1,2.9,12.1
Tim Perry,1993,PF,27,PHI,81,51,26,3.5,7.6,0.468,0.1,0.6,0.204,3.4,7,0.491,0.476,1.8,2.6,0.71,1.9,3.1,5,1.6,0.5,1.1,1.5,2,9
Chuck Person,1993,SF,28,MIN,78,75,38.3,6.9,16,0.433,1.5,4.3,0.355,5.4,11.7,0.462,0.481,1.4,2.2,0.649,1.3,4.3,5.6,4.4,0.9,0.4,2.8,2.5,16.8
Dražen Petrović*,1993,SG,28,NJN,70,67,38,8.4,16.2,0.518,1.1,2.4,0.449,7.3,13.8,0.529,0.551,4.5,5.2,0.87,0.6,2.1,2.7,3.5,1.3,0.2,2.9,3.4,22.3
Bobby Phills,1993,SG,23,CLE,31,0,4.5,1.2,2.6,0.463,0.1,0.2,0.4,1.2,2.5,0.468,0.476,0.5,0.8,0.6,0.2,0.4,0.5,0.3,0.3,0.1,0.6,0.6,3
Ricky Pierce,1993,SG,33,SEA,77,72,28.8,6.8,13.9,0.489,0.5,1.5,0.372,6.3,12.4,0.503,0.509,4.1,4.6,0.889,0.8,1.7,2.5,2.9,1.3,0.1,2.1,2.2,18.2
Ed Pinckney,1993,PF,29,BOS,7,5,21.6,1.4,3.4,0.417,0,0,,1.4,3.4,0.417,0.417,1.7,1.9,0.923,2,4.1,6.1,0.1,0.6,1,1.1,1.9,4.6
Scottie Pippen*,1993,SF,27,CHI,81,81,38.6,7.8,16.4,0.473,0.3,1.1,0.237,7.5,15.2,0.491,0.482,2.9,4.3,0.663,2.5,5.2,7.7,6.3,2.1,0.9,3,2.7,18.6
Gary Plummer,1993,PF,30,DEN,60,0,12.3,1.8,3.8,0.465,0,0.1,0,1.8,3.8,0.471,0.465,1.2,1.6,0.726,0.9,2,2.9,0.7,0.2,0.2,1.3,2.4,4.7
Olden Polynice,1993,C,28,DET,67,18,19.4,3.1,6.4,0.49,0,0,0,3.1,6.4,0.491,0.49,1,2.1,0.465,2.7,3.5,6.2,0.4,0.5,0.3,0.8,1.9,7.3
Terry Porter,1993,PG,29,POR,81,81,35.6,6.2,13.7,0.454,1.8,4.3,0.414,4.4,9.4,0.472,0.519,4,4.8,0.843,0.7,3.2,3.9,5.2,1.2,0.1,2.5,1.5,18.2
Paul Pressey,1993,SG,34,GSW,18,0,14.9,1.6,3.7,0.439,0,0.2,0,1.6,3.4,0.468,0.439,1.2,1.5,0.778,0.4,1.3,1.7,1.7,0.6,0.3,1.3,2,4.4
Brent Price,1993,PG,24,WSB,68,9,12.6,1.5,4.1,0.358,0.1,0.7,0.167,1.4,3.4,0.398,0.373,0.8,1,0.794,0.4,1.1,1.5,2.3,0.8,0,1.3,1.3,3.9
Mark Price,1993,PG,28,CLE,75,74,31.7,6.4,13.1,0.484,1.6,3.9,0.416,4.7,9.2,0.512,0.546,3.9,4.1,0.948,0.5,2.2,2.7,8,1.2,0.1,2.6,1.4,18.2
Anthony Pullard,1993,PF,26,MIL,8,0,4.6,1,2.3,0.444,0,0,,1,2.3,0.444,0.444,0.1,0.4,0.333,0.3,0.8,1,0.3,0.3,0.3,0.6,0.6,2.1
Kurt Rambis,1993,PF,34,TOT,72,1,11.4,0.9,1.8,0.519,0,0,0,0.9,1.8,0.528,0.519,0.6,0.9,0.662,1.1,2.1,3.2,0.7,0.6,0.3,0.6,1.7,2.5
Kurt Rambis,1993,PF,34,PHO,5,0,8.2,0.8,1.4,0.571,0,0,,0.8,1.4,0.571,0.571,0.2,0.4,0.5,0.4,0.8,1.2,0.2,0.6,0,1.2,0.6,1.8
Kurt Rambis,1993,PF,34,SAC,67,1,11.7,0.9,1.8,0.516,0,0,0,0.9,1.8,0.525,0.516,0.6,0.9,0.667,1.1,2.2,3.3,0.8,0.6,0.3,0.5,1.8,2.5
Mark Randall,1993,PF,25,TOT,37,0,6.7,1.1,2.2,0.5,0,0.2,0.125,1.1,1.9,0.542,0.506,0.4,0.7,0.615,0.7,0.8,1.5,0.3,0.1,0.1,0.5,0.9,2.6
Mark Randall,1993,PF,25,MIN,2,0,4,0,0.5,0,0,0.5,0,0,0,,0,0,0,,0,0,0,0.5,0,0,0.5,0.5,0
Mark Randall,1993,PF,25,DET,35,0,6.9,1.1,2.3,0.506,0,0.2,0.143,1.1,2.1,0.542,0.513,0.5,0.7,0.615,0.8,0.8,1.6,0.3,0.1,0.1,0.5,0.9,2.8
Blair Rasmussen,1993,C,30,ATL,22,6,12.9,1.4,3.6,0.375,0.1,0.3,0.333,1.3,3.4,0.378,0.388,0.4,0.6,0.692,0.9,1.6,2.5,0.2,0.2,0.5,0.5,2.8,3.2
J.R. Reid,1993,PF,24,TOT,83,25,22.7,3.4,7.2,0.476,0,0.1,0,3.4,7.1,0.48,0.476,2.6,3.4,0.764,1.4,4,5.5,1,0.6,0.4,1.5,3.2,9.4
J.R. Reid,1993,PF,24,CHH,17,1,17.4,2.5,5.8,0.429,0,0.1,0,2.5,5.7,0.433,0.429,2.5,3.4,0.741,1.2,2.9,4.1,1.4,0.6,0.3,1.4,2.9,7.5
J.R. Reid,1993,PF,24,SAS,66,24,24.1,3.7,7.5,0.485,0,0.1,0,3.7,7.5,0.489,0.485,2.6,3.4,0.77,1.5,4.3,5.8,0.8,0.5,0.4,1.5,3.3,9.9
Glen Rice,1993,SF,25,MIA,82,82,37.6,7.1,16.1,0.44,1.8,4.7,0.383,5.3,11.4,0.463,0.495,3,3.6,0.82,1.1,4,5.2,2.2,1.1,0.3,1.9,2.5,19
Pooh Richardson,1993,PG,26,IND,74,73,32.4,4.6,9.5,0.479,0,0.4,0.103,4.5,9.1,0.496,0.482,1.2,1.7,0.742,0.9,2.8,3.6,7.7,1.3,0.2,2.3,1.8,10.4
Mitch Richmond*,1993,SG,27,SAC,45,45,38.4,8.2,17.4,0.474,1.1,2.9,0.369,7.2,14.5,0.495,0.505,4.4,5.2,0.845,0.4,3,3.4,4.9,1.2,0.2,2.9,3,21.9
Doc Rivers,1993,PG,31,NYK,77,45,24.5,2.8,6.4,0.437,0.5,1.6,0.317,2.3,4.8,0.477,0.477,1.7,2.1,0.821,0.3,2.2,2.5,5.3,1.6,0.1,1.5,2.8,7.8
Fred Roberts,1993,C,32,MIL,79,5,18.8,2.9,5.4,0.528,0.2,0.4,0.414,2.7,5.1,0.536,0.542,1.7,2.1,0.799,1.2,1.8,3,1.5,0.7,0.3,0.8,1.7,7.6
Stanley Roberts,1993,C,22,LAC,77,76,23.6,4.9,9.2,0.527,0,0,,4.9,9.2,0.527,0.527,1.6,3.2,0.488,2.4,3.9,6.2,0.8,0.4,1.8,1.6,4.3,11.3
Alvin Robertson,1993,SG,30,TOT,69,54,29.1,3.6,7.8,0.458,0.6,1.8,0.328,3,6,0.496,0.495,1.2,1.9,0.656,1.6,2.3,3.9,3.8,2.2,0.3,1.9,3.2,9
Alvin Robertson,1993,SG,30,MIL,39,32,27.3,3.6,7.4,0.479,0.4,1.4,0.309,3.1,6,0.519,0.509,1.1,1.8,0.629,1.2,2.3,3.5,4,2.3,0.2,2,3.1,8.7
Alvin Robertson,1993,SG,30,DET,30,22,31.4,3.6,8.3,0.434,0.8,2.2,0.343,2.8,6.1,0.467,0.48,1.3,1.9,0.69,2,2.4,4.4,3.6,2.2,0.3,1.9,3.3,9.3
Clifford Robinson,1993,PF,26,POR,82,12,31.4,7.7,16.3,0.473,0.2,0.9,0.247,7.5,15.4,0.487,0.48,3.5,5.1,0.69,2,4.6,6.6,2.2,1.2,2,2.1,3.5,19.1
David Robinson*,1993,C,27,SAS,82,82,39.2,8.2,16.4,0.501,0,0.2,0.176,8.2,16.2,0.506,0.503,6.8,9.3,0.732,2.8,8.9,11.7,3.7,1.5,3.2,2.9,2.9,23.4
Larry Robinson,1993,SG,25,WSB,4,0,8.3,1.5,4,0.375,0,0.3,0,1.5,3.8,0.4,0.375,0.8,1.3,0.6,0.3,0.5,0.8,0.8,0.3,0.3,0.3,0,3.8
Rumeal Robinson,1993,PG,26,NJN,80,28,19.8,3.4,8,0.423,0.3,0.7,0.357,3.1,7.3,0.43,0.439,1.4,2.4,0.574,0.6,1.4,2,4,1.2,0.2,1.8,2.1,8.4
Dennis Rodman*,1993,PF,31,DET,62,55,38.9,3,6.9,0.427,0.2,1.2,0.205,2.7,5.7,0.472,0.444,1.4,2.6,0.534,5.9,12.3,18.3,1.6,0.8,0.7,1.7,3.2,7.5
Tree Rollins,1993,C,37,HOU,42,0,5.9,0.3,1,0.268,0,0,0,0.3,0.9,0.282,0.268,0.2,0.3,0.75,0.3,1.1,1.4,0.2,0.1,0.4,0.2,1,0.7
Sean Rooks,1993,C,23,DAL,72,68,29,5.1,10.4,0.493,0,0,0,5.1,10.3,0.494,0.493,3.3,5.4,0.602,2.7,4.7,7.4,1.3,0.5,1.1,2.2,2.8,13.5
Donald Royal,1993,SF,26,ORL,77,0,21.2,2.5,5.1,0.496,0,0,0,2.5,5,0.5,0.496,4.1,5.1,0.815,1.5,2.3,3.8,1,0.5,0.3,1.5,2.3,9.2
Delaney Rudd,1993,PG,30,POR,15,1,6.3,0.5,2.4,0.194,0.1,0.7,0.091,0.4,1.7,0.24,0.208,0.7,0.9,0.786,0.3,0.3,0.6,1.1,0.1,0,0.7,0.5,1.7
Jeff Ruland,1993,C,34,DET,11,0,5,0.5,1,0.455,0,0,,0.5,1,0.455,0.455,0.2,0.4,0.5,0.8,0.8,1.6,0.2,0.2,0,0.5,1.5,1.1
John Salley,1993,PF,28,MIA,51,34,27.9,3,6,0.502,0,0,,3,6,0.502,0.502,2.3,2.8,0.799,2.2,3.9,6.1,1.6,0.6,1.4,2,3.8,8.3
Jeff Sanders,1993,PF,27,ATL,9,0,13.3,1.1,2.8,0.4,0,0,,1.1,2.8,0.4,0.4,0.4,0.9,0.5,1.3,1.9,3.2,0.7,0.9,0.1,1.2,1.8,2.7
Mike Sanders,1993,SF,32,CLE,53,51,22.4,3.7,7.5,0.497,0,0.1,0.25,3.7,7.4,0.5,0.499,1.1,1.5,0.756,1,2.2,3.2,1.4,0.7,0.6,1.1,2.8,8.6
Danny Schayes,1993,C,33,MIL,70,7,16.1,1.5,3.8,0.399,0,0,0,1.5,3.7,0.404,0.399,1.6,2,0.818,1,2.5,3.6,1.1,0.5,0.5,0.9,2.1,4.6
Steve Scheffler,1993,C,25,SEA,29,5,5.7,0.9,1.7,0.521,0,0,,0.9,1.7,0.521,0.521,0.6,0.8,0.667,0.5,0.7,1.2,0.2,0.2,0,0.2,1.3,2.3
Dwayne Schintzius,1993,C,24,NJN,5,0,7,0.4,1.4,0.286,0,0,,0.4,1.4,0.286,0.286,0.6,0.6,1,0.4,1.2,1.6,0.4,0.4,0.4,0,0.8,1.4
Detlef Schrempf,1993,PF,30,IND,82,60,37.8,6.3,13.2,0.476,0.1,0.6,0.154,6.2,12.6,0.493,0.48,6.4,8,0.804,2.6,7,9.5,6,1,0.3,3,3.7,19.1
Byron Scott,1993,SG,31,LAL,58,53,28.9,5.1,11.4,0.449,0.8,2.3,0.326,4.3,9,0.481,0.483,2.7,3.2,0.848,0.5,1.8,2.3,2.7,0.9,0.2,1.2,1.7,13.7
Dennis Scott,1993,SF,24,ORL,54,43,32.6,6.1,14.1,0.431,2,5,0.403,4.1,9.2,0.446,0.502,1.7,2.2,0.786,0.7,2.7,3.4,2.5,1.1,0.3,1.9,2.4,15.9
Malik Sealy,1993,SF,22,IND,58,2,11.6,2.3,5.5,0.426,0.1,0.5,0.226,2.2,5,0.448,0.437,0.9,1.3,0.689,1,0.9,1.9,0.8,0.6,0.1,1,1.3,5.7
Rony Seikaly,1993,C,27,MIA,72,64,34.1,5.8,12.1,0.48,0,0.1,0.125,5.8,11.9,0.484,0.481,5.5,7.5,0.735,3.6,8.2,11.8,1.4,0.5,1.2,2.8,3.6,17.1
Brad Sellers,1993,PF,30,MIN,54,4,9.9,0.9,2.4,0.377,0,0,0,0.9,2.4,0.38,0.377,0.7,0.7,0.949,0.5,1,1.5,0.9,0.1,0.2,0.5,0.7,2.5
Charles Shackleford,1993,C,26,PHI,48,0,11.8,1.7,3.4,0.488,0,0,0,1.7,3.4,0.494,0.488,0.6,1,0.633,1.4,2.9,4.3,0.5,0.3,0.5,0.8,1.9,4
Brian Shaw,1993,PG,26,MIA,68,45,23.6,2.9,7.4,0.393,0.6,1.9,0.331,2.3,5.5,0.415,0.436,0.9,1.1,0.782,1,2.8,3.8,3.5,0.7,0.3,1.4,2.4,7.3
Lionel Simmons,1993,SF,24,SAC,69,68,36.3,6.8,15.3,0.444,0,0.2,0.091,6.8,15.1,0.447,0.444,4.3,5.3,0.819,2.3,4.9,7.2,4.5,1.4,0.6,2.8,2.9,17.9
Scott Skiles,1993,PG,28,ORL,78,78,39.6,5.3,11.4,0.467,1,3,0.34,4.3,8.4,0.512,0.512,3.7,4.2,0.892,0.7,3.1,3.7,9.4,1.1,0,3.4,3.1,15.4
Charles Smith,1993,SF,27,NYK,81,68,26.8,4.4,9.4,0.469,0,0,0,4.4,9.4,0.47,0.469,3.5,4.5,0.782,2.1,3.2,5.3,1.8,0.6,1.2,1.9,3.1,12.4
Chris Smith,1993,SG,22,MIN,80,6,15.8,1.6,3.6,0.433,0,0.2,0.143,1.5,3.4,0.447,0.436,1.2,1.5,0.792,0.4,0.8,1.2,2.5,0.6,0.2,0.9,1.2,4.3
Doug Smith,1993,PF,23,DAL,61,42,25,4.7,10.9,0.434,0,0.1,0,4.7,10.9,0.437,0.434,0.9,1.2,0.757,1.6,3.8,5.4,1.7,0.8,0.9,1.9,4.6,10.4
Kenny Smith,1993,PG,27,HOU,82,82,29.5,4.7,9.1,0.52,1.2,2.7,0.438,3.5,6.4,0.554,0.585,2.4,2.7,0.878,0.3,1.6,2,5.4,1,0.1,2,1.3,13
LaBradford Smith,1993,SG,23,WSB,69,33,22.4,3.8,8.3,0.458,0.1,0.3,0.348,3.7,7.9,0.463,0.465,1.6,1.8,0.858,0.4,1.2,1.5,2.7,0.8,0.1,1.5,2.6,9.3
Larry Smith,1993,PF,35,SAS,66,13,12.6,0.6,1.3,0.437,0,0,,0.6,1.3,0.437,0.437,0.1,0.3,0.409,1.6,2.5,4.1,0.4,0.3,0.2,0.6,2,1.3
Reggie Smith,1993,C,22,POR,23,0,3,0.4,1.2,0.37,0,0,0,0.4,1.1,0.385,0.37,0.1,0.6,0.214,0.7,0.3,0.9,0,0.2,0,0.2,0.7,1
Steve Smith,1993,SG,23,MIA,48,43,33.5,5.8,12.9,0.451,1.1,2.8,0.402,4.7,10.1,0.464,0.494,3.2,4.1,0.787,1.2,2.9,4.1,5.6,1,0.3,2.7,3.1,16
Tony Smith,1993,SG,24,LAL,55,9,13.7,2.4,5,0.484,0,0.2,0.182,2.4,4.8,0.496,0.487,1.1,1.5,0.756,0.8,0.7,1.6,1.1,0.9,0.1,0.7,1.3,6
Rik Smits,1993,C,26,IND,81,81,25.6,6.1,12.6,0.486,0,0,,6.1,12.6,0.486,0.486,2.1,2.8,0.732,1.6,3.8,5.3,1.5,0.3,0.9,1.8,3.5,14.3
Andre Spencer,1993,SF,28,TOT,20,1,21.1,3.7,8.2,0.448,0,0.1,0,3.7,8.1,0.453,0.448,2.1,2.7,0.759,1.9,2.2,4.1,1.2,0.9,0.4,1.3,3.2,9.4
Andre Spencer,1993,SF,28,ATL,3,0,5,0,1,0,0,0,,0,1,0,0,0,0,,0,0.3,0.3,0,0.7,0,0.7,1,0
Andre Spencer,1993,SF,28,GSW,17,1,23.9,4.3,9.4,0.456,0,0.1,0,4.3,9.3,0.462,0.456,2.4,3.2,0.759,2.2,2.5,4.7,1.4,0.9,0.4,1.4,3.6,11
Elmore Spencer,1993,C,23,LAC,44,4,6.4,1,1.9,0.537,0,0,,1,1.9,0.537,0.537,0.4,0.7,0.5,0.4,1,1.4,0.2,0.2,0.4,0.6,1.2,2.4
Felton Spencer,1993,C,25,MIN,71,48,18.3,1.5,3.2,0.465,0,0,,1.5,3.2,0.465,0.465,1.2,1.8,0.654,1.9,2.7,4.6,0.2,0.3,0.9,1,3.4,4.1
Latrell Sprewell,1993,SG,22,GSW,77,69,35.6,5.8,12.6,0.464,0.9,2.6,0.369,4.9,10,0.488,0.502,2.7,3.7,0.746,1,2.5,3.5,3.8,1.6,0.7,2.6,2.2,15.4
John Starks,1993,SG,27,NYK,80,51,31,6.4,15,0.428,1.4,4.2,0.321,5.1,10.8,0.469,0.473,3.3,4.1,0.795,0.7,1.9,2.6,5.1,1.1,0.2,2.2,2.9,17.5
Barry Stevens,1993,SF,30,GSW,2,0,3,0.5,1,0.5,0,0,,0.5,1,0.5,0.5,0,0,,1,0,1,0,0,0,0,0.5,1
Larry Stewart,1993,SF,24,WSB,81,8,22.5,3.8,7,0.543,0,0,0,3.8,6.9,0.544,0.543,2.3,3.1,0.727,1.9,2.8,4.7,1.8,0.6,0.4,1.9,2.4,9.8
Bryant Stith,1993,SG,22,DEN,39,12,22.2,3.2,7.1,0.446,0,0.1,0,3.2,7,0.453,0.446,2.5,3.1,0.832,1,2.2,3.2,1.3,0.6,0.1,1.1,2.1,8.9
Alex Stivrins,1993,PF-SF,30,TOT,19,0,4,1,2.1,0.487,0,0.1,0,1,1.9,0.514,0.487,0.2,0.2,0.75,0.4,0.6,1,0.2,0.1,0.1,0.4,0.6,2.2
Alex Stivrins,1993,PF,30,PHO,10,0,3.5,1.1,1.8,0.611,0,0.1,0,1.1,1.7,0.647,0.611,0,0,,0.2,0.6,0.8,0.1,0.1,0.1,0.5,0.7,2.2
Alex Stivrins,1993,SF,30,LAC,1,0,1,0,1,0,0,0,,0,1,0,0,0,0,,0,0,0,0,0,0,0,0,0
Alex Stivrins,1993,SF,30,MIL,3,0,8.3,1.3,3.7,0.364,0,0,,1.3,3.7,0.364,0.364,1,1.3,0.75,1,1,2,0.7,0.3,0,0.7,1.3,3.7
Alex Stivrins,1993,PF,30,ATL,5,0,3,0.8,1.8,0.444,0,0.2,0,0.8,1.6,0.5,0.444,0,0,,0.4,0.6,1,0,0,0.2,0,0,1.6
John Stockton*,1993,PG,30,UTA,82,82,34.9,5.3,11,0.486,0.9,2.3,0.385,4.5,8.7,0.513,0.526,3.6,4.5,0.798,0.8,2.1,2.9,12,2.4,0.3,3.2,2.7,15.1
Rod Strickland,1993,SG,26,POR,78,35,31.7,5.1,10.5,0.485,0.1,0.4,0.133,5,10.1,0.499,0.488,3.5,4.9,0.717,1.5,2.8,4.3,7.2,1.7,0.3,2.6,2,13.7
Derek Strong,1993,PF,24,MIL,23,0,14.7,1.8,4,0.457,0.2,0.3,0.5,1.7,3.7,0.452,0.478,3,3.7,0.8,1.7,3.3,5,0.6,0.5,0,0.6,0.9,6.8
Lamont Strothers,1993,SG,24,DAL,9,0,15.3,2.2,6.8,0.328,0.2,1.4,0.154,2,5.3,0.375,0.344,0.9,1.1,0.8,0.9,0.7,1.6,1.4,0.9,0,1.7,1.4,5.6
Terry Teagle,1993,SG,32,HOU,2,0,12.5,1,3.5,0.286,0,0,,1,3.5,0.286,0.286,0.5,1,0.5,0,1.5,1.5,1,0,0,0.5,0.5,2.5
Isiah Thomas*,1993,PG,31,DET,79,79,37,6.7,15.9,0.418,0.8,2.5,0.308,5.9,13.4,0.439,0.442,3.5,4.8,0.737,0.9,2,2.9,8.5,1.6,0.2,3.6,2.8,17.6
LaSalle Thompson,1993,C,31,IND,63,0,11.6,1.7,3.4,0.488,0,0,0,1.7,3.4,0.491,0.488,0.5,0.6,0.744,0.9,2,2.8,0.5,0.5,0.4,0.7,2.2,3.8
Otis Thorpe,1993,PF,30,HOU,72,69,32.7,5.3,9.6,0.558,0,0,0,5.3,9.6,0.56,0.558,2.1,3.6,0.598,3,5.1,8.2,2.5,0.6,0.3,2.1,3.3,12.8
Sedale Threatt,1993,PG,31,LAL,82,82,35.3,6.4,12.5,0.508,0.2,0.6,0.264,6.2,11.9,0.521,0.515,2.2,2.6,0.823,0.6,2.8,3.3,6.9,1.7,0.1,2.1,3,15.1
Wayman Tisdale,1993,PF,28,SAC,76,75,30,7.2,14.1,0.509,0,0,0,7.2,14,0.51,0.509,2.3,3,0.758,1.7,4.9,6.6,1.4,0.7,0.6,1.5,3.6,16.6
Tom Tolbert,1993,PF,27,ORL,72,61,25.5,3.1,6.3,0.498,0.1,0.4,0.321,3,5.9,0.509,0.508,1.7,2.3,0.726,1.8,3.9,5.7,1.3,0.5,0.3,1.7,2.7,8.1
Trent Tucker,1993,SG,33,CHI,69,0,13.2,2.1,4.3,0.485,0.8,1.9,0.397,1.3,2.4,0.555,0.573,0.3,0.3,0.818,0.2,0.8,1,1.2,0.3,0.1,0.3,0.9,5.2
Jeff Turner,1993,PF,30,ORL,75,20,19.7,3.1,5.8,0.529,0.1,0.2,0.588,2.9,5.6,0.526,0.54,0.7,0.9,0.8,1,2.4,3.4,1.4,0.3,0.1,0.9,2.6,7
Kiki Vandeweghe,1993,SF,34,LAC,41,3,12,2.2,5,0.453,0.3,0.9,0.324,2,4,0.482,0.483,1.4,1.6,0.879,0.3,0.9,1.2,0.6,0.3,0.2,0.5,1.1,6.2
Loy Vaught,1993,PF,24,LAC,79,4,20.9,4,7.8,0.508,0,0.1,0.25,3.9,7.7,0.51,0.509,1.5,2,0.748,2.1,4.2,6.2,0.7,0.7,0.5,1.1,2.2,9.4
Gundars Vētra,1993,SF,25,MIN,13,0,6.8,1.5,3.1,0.475,0.2,0.2,1,1.2,2.8,0.432,0.513,0.3,0.5,0.667,0.3,0.3,0.6,0.5,0.2,0,0.2,0.9,3.5
Darrell Walker,1993,PG-SG,31,TOT,37,2,13.8,0.9,2.6,0.354,0,0,0,0.9,2.6,0.358,0.354,0.3,0.7,0.462,0.6,1,1.6,1.4,0.9,0.1,0.7,1.7,2.2
Darrell Walker,1993,SG,31,DET,9,2,16,0.3,2.1,0.158,0,0.1,0,0.3,2,0.167,0.158,0.2,0.7,0.333,0.4,1.7,2.1,1,1.1,0,1.4,1.3,0.9
Darrell Walker,1993,PG,31,CHI,28,0,13.1,1.1,2.8,0.403,0,0,,1.1,2.8,0.403,0.403,0.4,0.7,0.5,0.6,0.8,1.4,1.6,0.8,0.1,0.4,1.8,2.6
Duane Washington,1993,SG,28,LAC,4,0,7,0,1.3,0,0,0,,0,1.3,0,0,0,0,,0,0.5,0.5,1.3,0.3,0,0.5,0.5,0
Clarence Weatherspoon,1993,SF,22,PHI,82,82,32.4,6,12.8,0.469,0,0,0.25,6,12.8,0.47,0.47,3.5,5,0.713,2.2,5,7.2,1.8,1,0.8,2.1,2.3,15.6
Marcus Webb,1993,PF,22,BOS,9,0,5.7,1.4,2.8,0.52,0,0.1,0,1.4,2.7,0.542,0.52,1.4,2.3,0.619,0.6,0.6,1.1,0.2,0.1,0.2,0.6,1.2,4.3
Spud Webb,1993,PG,29,SAC,69,68,33.8,5,11.4,0.433,0.5,2,0.274,4.4,9.5,0.466,0.457,4,4.8,0.851,0.6,2.2,2.8,7,1.5,0.1,2.8,2.6,14.5
Robert Werdann,1993,C,22,DEN,28,0,5.3,0.6,2.1,0.305,0,0,0,0.6,2.1,0.31,0.305,0.6,1.1,0.548,0.8,1,1.9,0.3,0.2,0.1,0.4,1.4,1.9
Doug West,1993,SG,25,MIN,80,80,38.8,8.1,15.6,0.517,0,0.3,0.087,8.1,15.3,0.525,0.518,3.1,3.7,0.841,1.1,2,3.1,2.9,1.1,0.3,2.1,3.5,19.3
Mark West,1993,C,32,PHO,82,82,19,2.1,3.5,0.614,0,0,,2.1,3.5,0.614,0.614,1,2,0.518,1.9,3.7,5.6,0.4,0.2,1.3,1.1,3,5.3
Randy White,1993,PF,25,DAL,64,20,22.4,3.7,8.4,0.435,0.2,0.7,0.238,3.5,7.8,0.452,0.444,2.2,2.9,0.75,2.4,3.4,5.8,0.8,1,0.7,1.7,3.5,9.7
Morlon Wiley,1993,PG,26,TOT,58,15,17.2,1.7,4.4,0.378,0.9,2.7,0.351,0.7,1.7,0.42,0.484,0.3,0.4,0.654,0.5,1.1,1.6,3.1,1.1,0.1,1.4,2.2,4.5
Morlon Wiley,1993,PG,26,ATL,25,2,14.2,1,3.2,0.321,0.6,2,0.294,0.4,1.2,0.367,0.414,0.2,0.3,0.625,0.4,1,1.4,3.2,1,0.1,1.2,2,2.9
Morlon Wiley,1993,PG,26,DAL,33,13,19.4,2.1,5.2,0.405,1.2,3.1,0.379,0.9,2.1,0.443,0.517,0.4,0.5,0.667,0.6,1.1,1.7,3,1.2,0,1.5,2.4,5.8
Dominique Wilkins*,1993,SF,33,ATL,71,70,37.3,10.4,22.3,0.468,1.7,4.5,0.38,8.7,17.9,0.49,0.506,7.3,8.8,0.828,2.6,4.2,6.8,3.2,1,0.4,2.6,1.6,29.9
Eddie Lee Wilkins,1993,PF,30,PHI,26,0,7.4,2.1,3.7,0.567,0,0.1,0,2.1,3.7,0.579,0.567,1.8,3,0.615,0.5,1,1.5,0.1,0.3,0,0.7,1.3,6.1
Gerald Wilkins,1993,SF,29,CLE,80,35,26,4.5,10,0.453,0.2,0.7,0.276,4.3,9.2,0.467,0.463,1.9,2.3,0.84,0.9,1.8,2.7,2.3,1,0.2,1.2,1.9,11.1
Buck Williams,1993,PF,32,POR,82,82,30.5,3.3,6.4,0.511,0,0,0,3.3,6.4,0.512,0.511,1.7,2.6,0.645,2.8,5.6,8.4,0.9,1,0.7,1.2,3.3,8.3
Corey Williams,1993,PG,22,CHI,35,0,6.9,0.9,2.4,0.365,0,0.1,0.333,0.9,2.3,0.366,0.371,0.5,0.6,0.818,0.5,0.3,0.9,0.7,0.1,0.1,0.3,0.7,2.3
Herb Williams,1993,C,34,NYK,55,0,10.4,1.3,3.2,0.411,0,0,,1.3,3.2,0.411,0.411,0.3,0.4,0.667,0.8,1.9,2.7,0.3,0.4,0.5,0.4,1.4,2.9
Hot Rod Williams,1993,C,30,CLE,67,13,30.7,3.9,8.4,0.47,0,0,,3.9,8.4,0.47,0.47,3.2,4.4,0.716,1.9,4.3,6.2,2.3,0.7,1.6,1.7,2.6,11
Jayson Williams,1993,PF,24,NJN,12,2,11.6,1.8,3.8,0.457,0,0,,1.8,3.8,0.457,0.457,0.6,1.5,0.389,1.8,1.6,3.4,0,0.3,0.3,0.7,2,4.1
John Williams,1993,SF,26,LAC,74,8,22.1,2.8,6.4,0.43,0.2,0.7,0.226,2.6,5.7,0.455,0.442,0.9,1.7,0.543,1.2,3.1,4.3,1.9,1.1,0.3,1.1,2.5,6.6
Kenny Williams,1993,SF,23,IND,57,0,14.8,2.6,4.9,0.532,0,0.1,0,2.6,4.9,0.538,0.532,0.8,1.2,0.706,1.8,2.2,4,0.7,0.4,0.8,0.5,1.5,6.1
Lorenzo Williams,1993,PF-C,23,TOT,27,7,6.6,0.6,1.3,0.472,0,0,,0.6,1.3,0.472,0.472,0.1,0.3,0.286,0.6,1.4,2,0.2,0.2,0.6,0.3,1.1,1.3
Lorenzo Williams,1993,C,23,CHH,2,0,9,0.5,1.5,0.333,0,0,,0.5,1.5,0.333,0.333,0,0,,1.5,3,4.5,0,0,1,1,2,1
Lorenzo Williams,1993,PF,23,ORL,3,0,3.3,0,0.7,0,0,0,,0,0.7,0,0,0,0,,0.3,0.3,0.7,0,0.3,0.3,0,0.7,0
Lorenzo Williams,1993,PF,23,BOS,22,7,6.9,0.7,1.4,0.516,0,0,,0.7,1.4,0.516,0.516,0.1,0.3,0.286,0.6,1.4,2,0.2,0.2,0.6,0.3,1,1.5
Micheal Williams,1993,PG,26,MIN,76,76,35,4.6,10.4,0.446,0.3,1.4,0.243,4.3,9,0.478,0.463,5.5,6.1,0.907,1.1,2.5,3.6,8.7,2.2,0.3,3,3.5,15.1
Reggie Williams,1993,SF,28,DEN,79,79,34.5,6.8,14.8,0.458,0.4,1.5,0.27,6.4,13.2,0.48,0.473,3,3.7,0.804,1.7,3.7,5.4,3.7,1.6,1,2.5,3.6,17
Scott Williams,1993,PF,24,CHI,71,5,19.3,2.3,5,0.466,0,0.1,0,2.3,4.9,0.476,0.466,1.3,1.8,0.714,2.4,4,6.4,1,0.8,0.9,1,3.2,5.9
Walt Williams,1993,SF,22,SAC,59,26,28.4,6.1,13.9,0.435,1,3.2,0.319,5,10.7,0.47,0.472,3.8,5.1,0.742,1.9,2.5,4.5,3,1.1,0.5,3,3.5,17
Kevin Willis,1993,PF,30,ATL,80,80,36,7.7,15.2,0.506,0.1,0.4,0.241,7.6,14.9,0.512,0.509,2.5,3.8,0.653,4.2,8.7,12.9,2.1,0.9,0.5,2.7,3.3,17.9
Kennard Winchester,1993,SG,26,HOU,39,0,8.7,1.6,3.6,0.439,0.1,0.5,0.211,1.5,3.1,0.475,0.453,0.4,0.6,0.773,0.4,0.8,1.3,0.3,0.3,0.3,0.4,1,3.7
David Wingate,1993,SF,29,CHH,72,55,20.4,2.5,4.7,0.536,0,0.1,0.167,2.5,4.6,0.542,0.537,1.1,1.5,0.738,0.7,1.7,2.4,2.5,0.9,0.1,1.2,1.9,6.1
Joe Wolf,1993,C,28,TOT,23,0,7.2,0.9,1.9,0.455,0,0,0,0.9,1.9,0.465,0.455,0.6,0.7,0.813,0.6,1.5,2.1,0.2,0.3,0,0.3,1,2.3
Joe Wolf,1993,C,28,BOS,2,0,4.5,0,0.5,0,0,0,,0,0.5,0,0,0.5,1,0.5,0.5,1,1.5,0,0,0.5,1,1,0.5
Joe Wolf,1993,C,28,POR,21,0,7.4,1,2,0.465,0,0,0,1,2,0.476,0.465,0.6,0.7,0.857,0.6,1.5,2.1,0.2,0.3,0,0.2,1,2.5
David Wood,1993,PF,28,SAS,64,2,9.3,0.8,1.8,0.444,0.1,0.3,0.238,0.7,1.5,0.49,0.466,0.7,0.9,0.836,0.6,0.9,1.5,0.5,0.2,0.2,0.5,1.5,2.4
Randy Woods,1993,PG,22,LAC,41,1,4.2,0.6,1.6,0.348,0.1,0.3,0.214,0.5,1.3,0.385,0.371,0.5,0.6,0.731,0.1,0.2,0.3,1,0.3,0,0.4,0.6,1.7
Orlando Woolridge,1993,SF,33,TOT,58,47,26.8,5,10.3,0.482,0,0.2,0,5,10.2,0.49,0.482,2.1,3.1,0.678,1.5,1.7,3.2,2,0.5,0.5,1.4,2.1,12
Orlando Woolridge,1993,SF,33,DET,50,47,29.5,5.4,11.3,0.479,0,0.2,0,5.4,11.1,0.487,0.479,2.3,3.4,0.673,1.7,1.8,3.5,2.2,0.5,0.5,1.5,2.3,13.1
Orlando Woolridge,1993,SF,33,MIL,8,0,9.8,2.3,4.1,0.545,0,0,,2.3,4.1,0.545,0.545,0.9,1.1,0.778,0.4,0.8,1.1,0.4,0.1,0.3,0.8,1,5.4
James Worthy*,1993,SF,31,LAL,82,69,28.8,6.2,13.9,0.447,0.4,1.4,0.27,5.9,12.6,0.466,0.46,2.1,2.6,0.81,0.9,2.1,3,3.4,1.1,0.3,1.7,1.1,14.9
Howard Wright,1993,PF,25,ORL,4,0,2.5,1,1.3,0.8,0,0,,1,1.3,0.8,0.8,0,0.5,0,0.3,0.3,0.5,0,0,0,0,0,2
Danny Young,1993,PG,30,DET,65,2,12.9,1.1,2.6,0.413,0.3,1,0.324,0.7,1.5,0.475,0.479,0.4,0.5,0.875,0.2,0.5,0.7,1.8,0.5,0.1,0.5,0.6,2.9
